player,position,team,age,birth_year,minutes_90s,passes_completed,passes,passes_pct,passes_total_distance,passes_progressive_distance,passes_completed_short,passes_short,passes_pct_short,passes_completed_medium,passes_medium,passes_pct_medium,passes_completed_long,passes_long,passes_pct_long,assists,xg_assist,pass_xa,xg_assist_net,assisted_shots,passes_into_final_third,passes_into_penalty_area,crosses_into_penalty_area,progressive_passes
Aaron Mooy,MF,Australia,32-094,1990,4.0,170,217,78.3,2819,951,78,90,86.7,59,73,80.8,18,31,58.1,0,0.1,0.1,-0.1,1,22,1,0,14
Aaron Ramsey,MF,Wales,31-357,1990,3.0,88,112,78.6,1796,339,37,41,90.2,27,35,77.1,18,23,78.3,0,0.0,0.1,0.0,1,7,1,0,5
Abdelhamid Sabiri,MF,Morocco,26-020,1996,2.0,45,58,77.6,690,122,30,33,90.9,7,13,53.8,7,10,70.0,1,0.9,0.1,+0.1,3,3,0,0,0
Abdelkarim Hassan,DF,Qatar,29-112,1993,3.0,122,161,75.8,2462,813,57,63,90.5,44,51,86.3,20,37,54.1,0,0.0,0.1,0.0,1,13,1,0,8
Abderrazak Hamdallah,FW,Morocco,32-001,1990,0.8,8,15,53.3,64,11,7,9,77.8,0,4,0.0,0,0,,0,0.0,0.0,0.0,0,1,0,0,0
Abdessamad Ezzalzouli,FW,Morocco,21-001,2001,1.0,10,13,76.9,118,38,8,9,88.9,2,2,100.0,0,2,0.0,0,0.3,0.4,-0.3,2,0,0,0,2
Abdou Diallo,DF,Senegal,26-228,1996,3.7,139,186,74.7,2852,1121,42,51,82.4,71,79,89.9,22,47,46.8,0,0.1,0.0,-0.1,1,10,1,1,8
Abdul Fatawu Issahaku,FW,Ghana,18-285,2004,0.0,1,1,100.0,48,36,0,0,,0,0,,1,1,100.0,0,0.0,0.0,0.0,0,0,0,0,0
Abdulaziz Hatem,MF,Qatar,32-051,1990,2.2,72,91,79.1,973,231,46,53,86.8,17,22,77.3,4,6,66.7,0,0.0,0.0,0.0,1,3,0,0,1
Abdulelah Al-Amri,DF,Saudi Arabia,25-337,1997,2.0,74,104,71.2,1677,951,26,35,74.3,26,33,78.8,22,34,64.7,0,0.0,0.0,0.0,0,13,1,0,11
Abdulellah Al-Malki,MF,Saudi Arabia,28-068,1994,1.9,66,84,78.6,1057,288,30,32,93.8,31,42,73.8,4,7,57.1,0,0.0,0.0,0.0,0,3,0,0,3
Abdullah Madu,DF,Saudi Arabia,29-156,1993,0.5,5,13,38.5,89,64,2,3,66.7,2,6,33.3,1,2,50.0,0,0.0,0.0,0.0,0,0,0,0,1
Abdulrahman Al-Aboud,MF,Saudi Arabia,27-200,1995,0.4,8,13,61.5,79,19,5,5,100.0,2,5,40.0,0,0,,0,0.0,0.0,0.0,1,0,1,0,1
Abolfazl Jalali,DF,IR Iran,24-175,1998,0.2,20,29,69.0,311,51,9,9,100.0,11,14,78.6,0,4,0.0,0,0.0,0.0,0.0,0,1,0,0,3
Achraf Dari,DF,Morocco,23-226,1999,2.1,99,111,89.2,1812,752,37,39,94.9,55,57,96.5,7,13,53.8,0,0.0,0.0,0.0,0,3,0,0,2
Achraf Hakimi,DF,Morocco,24-044,1998,7.0,312,382,81.7,4121,1792,207,232,89.2,63,80,78.8,19,32,59.4,1,0.5,0.6,+0.5,6,14,6,5,10
Adrien Rabiot,MF,France,27-259,1995,5.4,237,284,83.5,3769,838,129,145,89.0,83,94,88.3,18,26,69.2,1,0.9,0.5,+0.1,3,36,0,0,13
Agustín Canobbio,MF,Uruguay,24-078,1998,0.1,5,7,71.4,66,38,3,4,75.0,0,1,0.0,1,1,100.0,0,0.0,0.0,0.0,0,1,0,0,0
Ahmad Nourollahi,MF,IR Iran,29-319,1993,2.5,35,54,64.8,519,150,16,21,76.2,13,21,61.9,2,6,33.3,0,0.0,0.0,0.0,0,3,0,0,3
Ahmed Alaaeldin,FW,Qatar,29-321,1993,0.1,0,2,0.0,0,0,0,0,,0,0,,0,1,0.0,0,0.0,0.0,0.0,0,0,0,0,0
Aimen Dahmen,GK,Tunisia,25-324,1997,3.0,48,77,62.3,1544,1175,9,9,100.0,18,18,100.0,21,50,42.0,0,0.0,0.0,0.0,0,0,0,0,0
Ajdin Hrustic,MF,Australia,26-166,1996,0.7,17,21,81.0,263,42,10,11,90.9,4,5,80.0,1,3,33.3,0,0.0,0.0,0.0,0,1,0,0,1
Akram Afif,FW,Qatar,26-030,1996,3.0,139,165,84.2,2502,645,45,50,90.0,60,66,90.9,21,28,75.0,0,0.3,0.3,-0.3,5,10,4,1,7
Alan Franco,MF,Ecuador,24-119,1998,0.5,10,11,90.9,114,59,8,8,100.0,2,2,100.0,0,0,,0,0.0,0.0,0.0,0,0,0,0,1
Alejandro Balde,DF,Spain,19-061,2003,1.4,112,123,91.1,1890,293,49,56,87.5,55,57,96.5,7,9,77.8,0,0.0,0.2,0.0,0,5,2,0,4
Aleksandar Mitrović,FW,Serbia,28-093,1994,2.9,54,69,78.3,799,106,29,34,85.3,17,22,77.3,3,4,75.0,0,0.7,0.1,-0.7,2,5,1,0,2
Alex Sandro,DF,Brazil,31-326,1991,2.1,150,169,88.8,2171,680,89,93,95.7,53,61,86.9,5,11,45.5,0,0.1,0.2,-0.1,1,11,2,1,11
Alex Telles,DF,Brazil,30-003,1992,0.7,33,42,78.6,507,135,15,17,88.2,15,18,83.3,1,5,20.0,0,0.0,0.0,0.0,0,3,0,0,2
Alexander Bah,DF,Denmark,25-009,1997,0.5,37,53,69.8,580,150,15,18,83.3,19,23,82.6,1,9,11.1,0,0.1,0.1,-0.1,1,0,3,1,2
Alexander Djiku,DF,Ghana,28-131,1994,1.1,22,28,78.6,381,180,7,7,100.0,12,14,85.7,2,6,33.3,0,0.0,0.0,0.0,0,1,0,0,1
Alexis Mac Allister,MF,Argentina,23-359,1998,6.1,234,265,88.3,3265,548,146,161,90.7,69,76,90.8,9,13,69.2,1,1.0,0.7,0.0,8,12,6,0,17
Alexis Vega,FW,Mexico,25-023,1997,2.1,40,56,71.4,658,208,23,26,88.5,12,18,66.7,4,8,50.0,0,0.1,0.1,-0.1,1,3,0,0,4
Ali Abdi,DF,Tunisia,28-363,1993,2.1,72,116,62.1,1451,630,25,31,80.6,38,57,66.7,9,22,40.9,0,0.0,0.1,0.0,1,4,2,0,6
Ali Al Hassan,MF,Saudi Arabia,25-289,1997,0.5,4,7,57.1,56,15,3,4,75.0,1,2,50.0,0,0,,0,0.0,0.0,0.0,0,2,0,0,1
Ali Al-Bulaihi,DF,Saudi Arabia,33-027,1989,2.4,78,97,80.4,1353,379,31,36,86.1,39,45,86.7,6,13,46.2,0,0.0,0.0,0.0,0,2,0,0,5
Ali Assadalla,MF,Qatar,29-333,1993,0.3,21,23,91.3,242,39,14,14,100.0,5,7,71.4,0,0,,0,0.0,0.0,0.0,0,0,0,0,0
Ali Gholizadeh,MF,IR Iran,26-283,1996,2.2,46,72,63.9,637,262,30,39,76.9,13,20,65.0,2,9,22.2,1,0.2,0.7,+0.8,2,4,4,1,4
Ali Karimi,MF,IR Iran,28-310,1994,1.1,34,45,75.6,584,149,18,21,85.7,12,15,80.0,4,7,57.1,0,0.0,0.0,0.0,0,4,1,0,3
Ali Maâloul,DF,Tunisia,32-351,1990,1.0,39,63,61.9,733,412,19,22,86.4,13,18,72.2,6,19,31.6,0,0.0,0.1,0.0,0,4,2,1,4
Alidu Seidu,DF,Ghana,22-197,2000,1.7,59,78,75.6,791,246,43,47,91.5,12,17,70.6,2,8,25.0,0,0.0,0.0,0.0,0,3,1,1,1
Alireza Beiranvand,GK,IR Iran,30-088,1992,1.2,20,31,64.5,604,501,2,2,100.0,13,13,100.0,5,16,31.3,0,0.0,0.0,0.0,0,1,0,0,0
Alireza Jahanbakhsh,MF,IR Iran,29-129,1993,0.7,11,17,64.7,160,54,4,5,80.0,6,9,66.7,0,0,,0,0.0,0.0,0.0,0,1,1,0,2
Alisson,GK,Brazil,30-077,1992,4.2,80,93,86.0,1590,999,31,31,100.0,39,41,95.1,10,20,50.0,0,0.0,0.0,0.0,0,1,0,0,0
Alistair Johnston,DF,Canada,24-071,1998,3.0,147,186,79.0,2408,998,77,86,89.5,55,67,82.1,12,25,48.0,0,0.2,0.1,-0.2,3,9,3,1,10
Almoez Ali,FW,Qatar,26-121,1996,2.5,33,45,73.3,493,32,17,21,81.0,10,15,66.7,3,3,100.0,0,0.0,0.0,0.0,0,0,0,0,0
Alphonso Davies,MF,Canada,22-046,2000,3.0,82,114,71.9,1212,231,46,53,86.8,32,39,82.1,2,9,22.2,0,0.5,0.2,-0.5,6,2,1,0,2
Amadou Onana,MF,Belgium,21-124,2001,1.2,58,64,90.6,998,220,27,28,96.4,27,29,93.1,4,6,66.7,0,0.0,0.0,0.0,0,3,0,0,1
Anass Zaroury,FW,Morocco,22-041,2000,0.3,8,13,61.5,92,10,5,5,100.0,2,3,66.7,0,2,0.0,0,0.0,0.0,0.0,0,1,0,0,0
Andre-Frank Zambo Anguissa,MF,Cameroon,27-032,1995,2.9,113,130,86.9,1720,560,63,67,94.0,45,51,88.2,3,5,60.0,1,0.0,0.1,+1.0,0,14,1,0,8
Andreas Christensen,DF,Denmark,26-252,1996,3.0,237,251,94.4,4457,1407,89,93,95.7,116,119,97.5,26,32,81.3,0,0.0,0.0,0.0,0,14,0,0,14
Andreas Cornelius,FW,Denmark,29-277,1993,1.0,21,34,61.8,206,14,13,16,81.3,5,13,38.5,0,0,,0,0.1,0.0,-0.1,3,0,0,0,1
Andreas Skov Olsen,FW,Denmark,22-354,1999,1.5,43,63,68.3,652,116,25,28,89.3,15,20,75.0,3,4,75.0,0,0.0,0.1,0.0,0,2,1,0,3
Andrej Kramarić,FW,Croatia,31-182,1991,5.3,153,176,86.9,2049,233,104,111,93.7,35,38,92.1,7,12,58.3,0,0.2,0.3,-0.2,4,0,3,1,4
Andries Noppert,GK,Netherlands,28-255,1994,5.3,157,192,81.8,3993,2923,29,29,100.0,81,81,100.0,47,81,58.0,0,0.0,0.0,0.0,0,0,0,0,0
Andrija Živković,DF,Serbia,26-160,1996,2.3,71,96,74.0,1121,362,31,32,96.9,31,40,77.5,5,17,29.4,2,1.1,0.8,+0.9,4,6,3,0,6
André Ayew,MF,Ghana,33-001,1989,2.2,30,37,81.1,411,47,18,22,81.8,9,11,81.8,1,1,100.0,0,0.0,0.0,0.0,0,0,0,0,0
André Onana,GK,Cameroon,26-260,1996,0.9,45,59,76.3,998,623,14,14,100.0,22,22,100.0,9,23,39.1,0,0.0,0.0,0.0,0,1,0,0,0
André Silva,FW,Portugal,27-042,1995,0.3,9,11,81.8,148,27,5,7,71.4,3,3,100.0,1,1,100.0,0,0.1,0.0,-0.1,2,1,0,0,1
Andrés Guardado,MF,Mexico,36-081,1986,0.5,11,16,68.8,190,15,5,5,100.0,5,7,71.4,1,3,33.3,0,0.0,0.0,0.0,0,2,0,0,0
Anis Ben Slimane,MF,Tunisia,21-277,2001,1.6,29,46,63.0,469,134,17,22,77.3,10,13,76.9,2,7,28.6,0,0.1,0.1,-0.1,2,1,0,0,0
Ansu Fati,FW,Spain,20-048,2002,0.5,25,29,86.2,298,29,20,22,90.9,4,4,100.0,0,0,,0,0.0,0.1,0.0,0,0,0,0,1
Ante Budimir,FW,Croatia,31-149,1991,0.6,2,5,40.0,12,0,1,1,100.0,0,2,0.0,0,0,,0,0.0,0.0,0.0,1,0,0,0,0
Anthony Contreras,FW,Costa Rica,22-323,2000,1.4,15,26,57.7,193,13,10,15,66.7,4,5,80.0,0,0,,0,0.0,0.0,0.0,1,0,0,0,1
Antoine Griezmann,MF,France,31-272,1991,6.0,258,329,78.4,4905,1377,123,135,91.1,89,112,79.5,42,66,63.6,3,3.1,3.6,-0.1,21,26,10,5,19
Antoine Semenyo,FW,Ghana,22-345,2000,0.2,1,2,50.0,15,0,0,0,,1,2,50.0,0,0,,0,0.0,0.0,0.0,0,0,0,0,0
Antonee Robinson,DF,United States,25-132,1997,4.0,173,241,71.8,2891,1043,88,102,86.3,69,96,71.9,13,26,50.0,0,0.3,0.2,-0.3,3,12,3,0,10
Antonio Rüdiger,DF,Germany,29-290,1993,3.0,229,252,90.9,4005,1341,84,89,94.4,132,138,95.7,10,19,52.6,0,0.0,0.0,0.0,0,14,0,0,17
Antony,FW,Brazil,22-297,2000,1.9,86,109,78.9,1109,224,56,62,90.3,19,26,73.1,4,10,40.0,0,0.1,0.2,-0.1,3,2,2,0,5
António Silva,DF,Portugal,19-049,2003,1.0,60,62,96.8,1152,310,26,26,100.0,22,23,95.7,10,11,90.9,0,0.0,0.0,0.0,0,1,0,0,3
Ao Tanaka,MF,Japan,24-099,1998,1.9,48,69,69.6,846,220,17,26,65.4,24,31,77.4,5,10,50.0,0,0.1,0.4,-0.1,1,2,3,1,6
Ardon Jasari,FW,Switzerland,20-141,2002,0.0,5,6,83.3,63,11,3,3,100.0,2,3,66.7,0,0,,0,0.0,0.0,0.0,0,0,0,0,0
Arkadiusz Milik,FW,Poland,28-293,1994,1.1,19,29,65.5,245,19,8,10,80.0,9,10,90.0,0,3,0.0,0,0.1,0.0,-0.1,1,0,0,0,0
Artur Jędrzejczyk,DF,Poland,35-044,1987,0.2,3,4,75.0,88,44,1,1,100.0,1,2,50.0,1,1,100.0,0,0.0,0.0,0.0,0,1,0,0,0
Asiri Haitham,FW,Saudi Arabia,21-268,2001,0.0,1,2,50.0,11,0,1,2,50.0,0,0,,0,0,,0,0.0,0.0,0.0,0,0,0,0,0
Assim Madibo,MF,Qatar,26-057,1996,1.7,58,70,82.9,850,334,32,36,88.9,18,22,81.8,4,5,80.0,0,0.0,0.0,0.0,1,7,0,0,5
Atiba Hutchinson,MF,Canada,39-313,1983,1.8,100,112,89.3,1399,519,57,63,90.5,34,35,97.1,3,4,75.0,0,0.0,0.0,0.0,0,12,0,0,13
Aurélien Tchouaméni,MF,France,22-325,2000,6.9,426,474,89.9,7467,1889,185,198,93.4,204,219,93.2,31,43,72.1,0,1.0,0.4,-1.0,6,48,3,0,37
Awer Mabil,MF,Australia,27-094,1995,0.3,10,14,71.4,143,0,7,9,77.8,3,3,100.0,0,1,0.0,0,0.0,0.0,0.0,0,0,0,0,0
Axel Disasi,DF,France,24-282,1998,1.0,61,78,78.2,918,302,30,36,83.3,24,30,80.0,2,4,50.0,0,0.0,0.0,0.0,0,2,0,0,5
Axel Witsel,MF,Belgium,33-340,1989,3.0,169,177,95.5,2851,651,74,76,97.4,88,92,95.7,6,7,85.7,0,0.0,0.1,0.0,1,9,1,0,8
Ayase Ueda,FW,Japan,24-099,1998,0.5,7,12,58.3,89,11,5,8,62.5,2,4,50.0,0,0,,0,0.0,0.0,0.0,1,1,0,0,1
Aymeric Laporte,DF,Spain,28-205,1994,3.3,413,438,94.3,7612,2489,120,122,98.4,272,281,96.8,17,28,60.7,0,0.0,0.1,0.0,1,26,2,0,14
Aziz Behich,DF,Australia,32-002,1990,4.0,152,203,74.9,2271,527,81,91,89.0,58,70,82.9,6,27,22.2,0,0.0,0.0,0.0,0,6,2,0,4
Azzedine Ounahi,MF,Morocco,22-243,2000,6.3,216,265,81.5,3026,786,134,150,89.3,63,74,85.1,13,20,65.0,0,0.5,0.4,-0.5,6,20,6,0,19
Aïssa Laïdouni,MF,Tunisia,26-005,1996,2.7,99,123,80.5,1677,476,50,60,83.3,42,48,87.5,7,12,58.3,1,0.4,0.2,+0.6,4,16,0,0,8
Baba Rahman,DF,Ghana,28-169,1994,2.0,66,100,66.0,1097,546,38,48,79.2,20,27,74.1,8,18,44.4,0,0.3,0.1,-0.3,3,7,2,1,12
Badr Banoun,DF,Morocco,29-079,1993,0.6,21,22,95.5,400,110,7,7,100.0,11,11,100.0,3,4,75.0,0,0.0,0.0,0.0,0,0,0,0,1
Bailey Wright,DF,Australia,30-143,1992,0.2,1,3,33.3,56,33,0,1,0.0,0,0,,1,2,50.0,0,0.0,0.0,0.0,0,1,0,0,1
Bamba Dieng,FW,Senegal,22-270,2000,1.1,9,16,56.3,83,1,8,10,80.0,1,2,50.0,0,1,0.0,0,0.1,0.0,-0.1,2,1,0,0,0
Bartosz Bereszyński,DF,Poland,30-159,1992,3.8,122,156,78.2,1828,659,64,73,87.7,44,53,83.0,8,17,47.1,0,0.0,0.1,0.0,0,2,3,0,5
Bassam Al-Rawi,DF,Qatar,25-002,1997,1.0,47,57,82.5,1084,320,11,11,100.0,28,32,87.5,8,13,61.5,0,0.0,0.2,0.0,1,6,0,0,6
Ben Davies,DF,Wales,29-238,1993,2.6,122,161,75.8,2585,1096,42,50,84.0,56,67,83.6,22,34,64.7,0,0.0,0.0,0.0,0,10,0,0,12
Benjamin Pavard,DF,France,26-265,1996,1.0,82,90,91.1,1249,249,47,48,97.9,32,35,91.4,2,6,33.3,0,0.0,0.0,0.0,0,10,0,0,3
Bernardo Silva,MF,Portugal,28-130,1994,4.0,256,292,87.7,4147,777,143,153,93.5,87,92,94.6,20,30,66.7,0,0.4,0.3,-0.4,5,16,1,0,12
Bilal El Khannous,MF,Morocco,18-222,2004,0.6,20,24,83.3,337,67,8,9,88.9,5,5,100.0,3,3,100.0,0,0.0,0.0,0.0,0,1,0,0,2
Borna Barišić,DF,Croatia,30-038,1992,1.3,50,69,72.5,818,290,23,26,88.5,19,27,70.4,5,11,45.5,0,0.1,0.2,-0.1,1,2,4,3,3
Borna Sosa,DF,Croatia,24-331,1998,4.7,220,278,79.1,3068,1123,143,154,92.9,61,83,73.5,10,23,43.5,0,0.4,0.5,-0.4,2,11,3,2,9
Boualem Khoukhi,DF,Qatar,32-162,1990,3.0,169,197,85.8,3293,1402,59,66,89.4,82,91,90.1,25,35,71.4,0,0.0,0.2,0.0,0,2,0,0,4
Boulaye Dia,FW,Senegal,26-032,1996,3.5,39,53,73.6,471,53,27,33,81.8,9,10,90.0,1,1,100.0,0,0.0,0.1,0.0,1,1,2,0,3
Brandon Aguilera,MF,Costa Rica,19-173,2003,1.0,27,38,71.1,398,134,12,16,75.0,13,13,100.0,1,4,25.0,0,0.0,0.0,0.0,0,1,0,0,2
Breel Embolo,FW,Switzerland,25-307,1997,3.6,46,62,74.2,672,66,22,29,75.9,19,23,82.6,2,3,66.7,0,0.1,0.1,-0.1,2,0,1,0,3
Brenden Aaronson,MF,United States,22-057,2000,1.2,41,50,82.0,566,125,24,27,88.9,14,15,93.3,0,2,0.0,0,0.2,0.1,-0.2,3,3,3,0,5
Brennan Johnson,FW,Wales,21-209,2001,1.0,10,17,58.8,143,60,7,11,63.6,3,6,50.0,0,0,,0,0.0,0.1,0.0,0,0,0,0,1
Bruno Fernandes,FW,Portugal,28-101,1994,4.0,188,233,80.7,3623,1060,101,109,92.7,49,56,87.5,34,54,63.0,3,1.7,1.2,+1.3,9,17,9,2,23
Bruno Guimarães,MF,Brazil,25-032,1997,0.8,43,54,79.6,663,251,23,25,92.0,13,16,81.3,5,7,71.4,0,0.0,0.3,0.0,0,3,0,0,4
Bruno Petković,FW,Croatia,28-093,1994,2.6,40,75,53.3,590,119,22,34,64.7,10,17,58.8,4,8,50.0,0,0.3,0.2,-0.3,4,7,0,0,5
Bryan Mbeumo,FW,Cameroon,23-133,1999,2.6,49,85,57.6,742,230,36,47,76.6,10,21,47.6,3,11,27.3,0,0.3,0.2,-0.3,5,4,2,0,4
Bryan Oviedo,DF,Costa Rica,32-303,1990,2.9,67,89,75.3,1012,339,37,45,82.2,28,32,87.5,1,3,33.3,0,0.0,0.0,0.0,0,1,1,0,3
Bryan Ruiz,MF,Costa Rica,37-122,1985,0.3,8,12,66.7,114,11,5,5,100.0,3,4,75.0,0,1,0.0,0,0.0,0.0,0.0,0,0,0,0,0
Bukayo Saka,FW,England,21-104,2001,3.2,84,108,77.8,1281,279,46,59,78.0,31,35,88.6,4,6,66.7,0,0.7,0.6,-0.7,5,3,7,2,8
Callum Wilson,FW,England,30-294,1992,0.5,9,10,90.0,121,32,6,6,100.0,3,4,75.0,0,0,,1,0.9,0.4,+0.1,3,0,3,0,3
Cameron Carter-Vickers,DF,United States,24-352,1997,1.0,50,58,86.2,1029,356,14,16,87.5,29,34,85.3,6,7,85.7,0,0.0,0.0,0.0,0,4,0,0,2
Carlos Gruezo,MF,Ecuador,27-243,1995,0.5,15,15,100.0,311,108,4,4,100.0,9,9,100.0,2,2,100.0,0,0.0,0.0,0.0,0,0,0,0,1
Carlos Martínez,DF,Costa Rica,23-263,1999,0.5,10,15,66.7,196,109,5,7,71.4,3,6,50.0,2,2,100.0,0,0.0,0.0,0.0,0,0,0,0,0
Carlos Soler,MF,Spain,25-350,1997,1.0,78,83,94.0,1300,278,38,39,97.4,30,31,96.8,8,9,88.9,0,0.2,0.1,-0.2,2,12,1,0,5
Casemiro,MF,Brazil,30-298,1992,4.3,208,251,82.9,3591,1065,90,107,84.1,95,104,91.3,17,27,63.0,0,0.1,0.4,-0.1,4,23,3,1,22
Celso Borges,MF,Costa Rica,34-205,1988,2.8,98,120,81.7,1587,676,48,56,85.7,38,45,84.4,7,11,63.6,0,0.0,0.0,0.0,1,11,0,0,8
Charles De Ketelaere,FW,Belgium,21-283,2001,0.2,3,4,75.0,33,11,2,3,66.7,1,1,100.0,0,0,,0,0.0,0.0,0.0,0,0,0,0,0
Charly Rodríguez,MF,Mexico,25-349,1997,0.4,21,30,70.0,436,153,8,10,80.0,9,13,69.2,4,5,80.0,0,0.0,0.0,0.0,0,2,0,0,4
Cheikhou Kouyaté,MF,Senegal,32-362,1989,0.8,19,23,82.6,269,46,12,14,85.7,3,3,100.0,1,2,50.0,0,0.0,0.0,0.0,1,1,0,0,1
Cho Guesung,FW,Korea Republic,24-327,1998,3.1,40,63,63.5,603,156,22,33,66.7,14,21,66.7,2,4,50.0,0,0.0,0.1,0.0,1,5,2,0,3
Cho Yumin,FW,Korea Republic,26-031,1996,0.0,0,0,,0,0,0,0,,0,0,,0,0,,0,0.0,0.0,0.0,0,0,0,0,0
Chris Mepham,DF,Wales,25-043,1997,3.0,141,172,82.0,2686,890,44,47,93.6,85,98,86.7,10,22,45.5,0,0.2,0.2,-0.2,2,7,2,0,9
Christian Bassogog,MF,Cameroon,27-061,1995,0.3,5,9,55.6,67,3,2,3,66.7,3,3,100.0,0,0,,0,0.0,0.0,0.0,0,0,0,0,0
Christian Eriksen,MF,Denmark,30-307,1992,3.0,188,230,81.7,3621,1062,87,96,90.6,63,68,92.6,33,55,60.0,0,0.4,0.4,-0.4,9,20,1,1,16
Christian Fassnacht,FW,Switzerland,29-037,1993,0.1,7,10,70.0,89,17,4,6,66.7,3,3,100.0,0,0,,0,0.0,0.0,0.0,0,1,0,0,0
Christian Nørgaard,MF,Denmark,28-283,1994,0.1,14,15,93.3,201,58,10,11,90.9,4,4,100.0,0,0,,0,0.0,0.0,0.0,0,4,0,0,0
Christian Pulisic,FW,United States,24-091,1998,3.5,83,141,58.9,1442,404,39,49,79.6,32,47,68.1,9,32,28.1,2,0.9,1.1,+1.1,9,9,4,1,15
Christopher Wooh,DF,Cameroon,21-091,2001,1.0,25,31,80.6,522,119,6,7,85.7,16,16,100.0,3,8,37.5,0,0.0,0.0,0.0,0,0,0,0,1
Cody Gakpo,FW,Netherlands,23-225,1999,5.0,93,148,62.8,1261,499,56,67,83.6,20,35,57.1,7,29,24.1,0,0.6,0.7,-0.6,10,7,4,2,9
Collins Fai,DF,Cameroon,30-127,1992,3.0,99,146,67.8,1688,811,53,62,85.5,34,48,70.8,9,29,31.0,0,0.0,0.2,0.0,2,14,1,1,6
Connor Roberts,DF,Wales,27-086,1995,2.2,92,118,78.0,1928,686,25,31,80.6,52,62,83.9,15,21,71.4,0,0.4,0.2,-0.4,1,3,2,1,7
Craig Goodwin,MF,Australia,31-002,1991,2.6,58,95,61.1,955,348,29,37,78.4,17,29,58.6,8,18,44.4,1,0.6,0.3,+0.4,5,6,2,0,5
Cristian Romero,DF,Argentina,24-235,1998,6.1,337,375,89.9,5417,2109,175,187,93.6,137,150,91.3,21,30,70.0,0,0.0,0.0,0.0,0,12,0,0,11
Cristiano Ronaldo,FW,Portugal,37-316,1985,3.2,68,90,75.6,789,98,49,55,89.1,13,21,61.9,1,1,100.0,0,0.1,0.1,-0.1,4,3,1,0,4
Cyle Larin,FW,Canada,27-245,1995,1.5,21,29,72.4,299,109,11,14,78.6,8,8,100.0,1,1,100.0,0,0.5,0.3,-0.5,2,4,3,2,4
César Azpilicueta,DF,Spain,33-112,1989,1.5,171,181,94.5,2877,704,71,74,95.9,86,90,95.6,11,12,91.7,1,0.7,0.5,+0.3,4,13,3,2,8
César Montes,DF,Mexico,25-297,1997,3.0,159,197,80.7,3324,957,42,48,87.5,96,107,89.7,20,36,55.6,1,0.5,0.5,+0.5,1,10,0,0,8
Daichi Kamada,FW,Japan,26-135,1996,3.6,83,104,79.8,1464,313,45,51,88.2,28,34,82.4,9,14,64.3,0,0.0,0.2,0.0,1,13,2,0,6
Daizen Maeda,FW,Japan,25-059,1997,2.0,8,17,47.1,121,10,3,9,33.3,5,8,62.5,0,0,,0,0.0,0.1,0.0,0,0,0,0,0
Daley Blind,DF,Netherlands,32-284,1990,4.7,252,300,84.0,4293,1503,132,153,86.3,91,102,89.2,26,40,65.0,1,0.5,0.4,+0.5,2,25,4,2,21
Damian Szymański,MF,Poland,27-185,1995,0.3,8,8,100.0,165,29,4,4,100.0,2,2,100.0,2,2,100.0,0,0.0,0.0,0.0,0,0,0,0,0
Dani Alves,DF,Brazil,39-226,1983,1.3,83,97,85.6,1128,429,55,58,94.8,20,27,74.1,4,8,50.0,0,0.0,0.1,0.0,0,7,3,1,5
Dani Carvajal,DF,Spain,30-341,1992,1.5,121,135,89.6,2017,425,59,59,100.0,47,56,83.9,14,14,100.0,0,0.0,0.0,0.0,0,9,0,0,3
Dani Olmo,FW,Spain,24-225,1998,4.1,162,198,81.8,2245,319,100,108,92.6,52,62,83.9,4,12,33.3,1,0.5,0.4,+0.5,5,6,8,1,9
Daniel Amartey,DF,Ghana,27-362,1994,2.8,128,141,90.8,2555,1088,47,48,97.9,57,62,91.9,22,26,84.6,0,0.1,0.0,-0.1,3,10,0,0,8
Daniel Chacón,MF,Costa Rica,21-251,2001,0.0,1,1,100.0,10,12,1,1,100.0,0,0,,0,0,,0,0.0,0.0,0.0,0,0,0,0,0
Daniel James,FW,Wales,25-038,1997,1.7,24,36,66.7,351,70,16,23,69.6,5,8,62.5,2,3,66.7,0,0.0,0.0,0.0,1,0,1,1,1
Daniel Kyereh,MF,Ghana,26-285,1996,0.4,18,23,78.3,257,43,10,10,100.0,7,7,100.0,1,6,16.7,0,0.0,0.0,0.0,0,2,0,0,1
Danilo,DF,Brazil,31-156,1991,3.1,230,269,85.5,3615,986,120,128,93.8,100,115,87.0,7,21,33.3,0,0.0,0.2,0.0,0,21,2,1,16
Danilo Pereira,DF,Portugal,31-100,1991,1.0,68,78,87.2,1342,488,25,26,96.2,35,37,94.6,8,12,66.7,0,0.0,0.0,0.0,0,4,0,0,3
Danny Ward,GK,Wales,29-179,1993,1.0,24,39,61.5,923,797,8,8,100.0,2,2,100.0,14,29,48.3,0,0.0,0.0,0.0,0,2,0,0,0
Darko Lazović,DF,Serbia,32-094,1990,0.3,7,12,58.3,151,19,3,5,60.0,2,4,50.0,2,2,100.0,0,0.0,0.0,0.0,0,0,0,0,0
Darwin Núñez,FW,Uruguay,23-177,1999,2.7,35,56,62.5,584,77,18,29,62.1,12,15,80.0,4,7,57.1,0,0.2,0.1,-0.2,1,0,1,1,1
David Raum,DF,Germany,24-240,1998,2.7,153,195,78.5,2344,741,85,89,95.5,41,55,74.5,15,32,46.9,1,0.6,0.3,+0.4,7,9,6,3,13
David Wotherspoon,MF,Canada,32-336,1990,0.2,4,7,57.1,70,3,2,2,100.0,2,4,50.0,0,1,0.0,0,0.0,0.0,0.0,0,1,0,0,0
Davy Klaassen,MF,Netherlands,29-300,1993,2.1,59,77,76.6,752,156,39,48,81.3,17,23,73.9,2,2,100.0,2,0.3,0.1,+1.7,4,6,1,0,4
Dayot Upamecano,DF,France,24-052,1998,5.3,314,351,89.5,6831,2194,83,88,94.3,172,179,96.1,55,74,74.3,0,0.1,0.1,-0.1,2,28,0,0,19
DeAndre Yedlin,DF,United States,29-162,1993,0.4,19,28,67.9,289,115,7,9,77.8,9,14,64.3,1,3,33.3,0,0.0,0.0,0.0,0,1,0,0,0
Declan Rice,MF,England,23-338,1999,4.6,300,322,93.2,5456,1141,124,125,99.2,143,155,92.3,29,34,85.3,0,0.0,0.1,0.0,1,18,2,0,14
Dejan Lovren,DF,Croatia,33-166,1989,6.7,405,460,88.0,7863,2519,137,150,91.3,219,235,93.2,44,65,67.7,1,0.0,0.1,+1.0,1,14,1,1,16
Denis Odoi,DF,Ghana,34-205,1988,0.1,2,2,100.0,27,16,1,1,100.0,1,1,100.0,0,0,,0,0.0,0.0,0.0,0,0,0,0,0
Denis Zakaria,MF,Switzerland,26-028,1996,0.7,20,23,87.0,356,83,10,12,83.3,8,9,88.9,2,2,100.0,0,0.0,0.0,0.0,0,3,0,0,2
Denzel Dumfries,DF,Netherlands,26-244,1996,5.3,149,217,68.7,2270,742,83,101,82.2,59,82,72.0,5,22,22.7,2,0.3,0.4,+1.7,2,7,6,0,15
Devis Epassy,GK,Cameroon,29-319,1993,2.0,57,83,68.7,2043,1646,5,5,100.0,24,24,100.0,28,54,51.9,0,0.0,0.0,0.0,0,2,0,0,0
Diego Godín,DF,Uruguay,36-305,1986,1.7,87,103,84.5,1827,515,26,32,81.3,47,54,87.0,13,16,81.3,0,0.0,0.0,0.0,0,7,0,0,3
Diogo Costa,GK,Portugal,23-090,1999,5.0,113,160,70.6,2890,2021,20,20,100.0,64,65,98.5,29,72,40.3,0,0.0,0.0,0.0,1,3,0,0,0
Diogo Dalot,DF,Portugal,23-275,1999,2.9,112,147,76.2,2152,522,52,60,86.7,40,50,80.0,17,29,58.6,2,0.7,0.4,+1.3,4,7,4,1,7
Djibril Sow,MF,Switzerland,25-315,1997,2.9,84,97,86.6,1395,282,36,42,85.7,40,42,95.2,7,8,87.5,1,0.2,0.2,+0.8,3,5,4,0,9
Djorkaeff Reasco,FW,Ecuador,23-334,1999,0.3,2,2,100.0,21,9,2,2,100.0,0,0,,0,0,,0,0.0,0.0,0.0,0,1,0,0,0
Dominik Livaković,GK,Croatia,27-343,1995,7.7,194,228,85.1,4572,3311,67,67,100.0,81,81,100.0,43,76,56.6,0,0.0,0.0,0.0,0,3,0,0,0
Dries Mertens,MF,Belgium,35-226,1987,0.8,22,33,66.7,344,129,16,22,72.7,2,2,100.0,4,8,50.0,0,0.1,0.1,-0.1,3,1,0,0,1
Dušan Tadić,MF,Serbia,34-028,1988,2.9,90,127,70.9,1402,501,50,59,84.7,31,40,77.5,6,17,35.3,2,0.7,1.1,+1.3,10,8,9,2,14
Dušan Vlahović,FW,Serbia,22-324,2000,0.9,6,11,54.5,105,20,2,6,33.3,2,2,100.0,1,2,50.0,0,0.0,0.0,0.0,0,0,0,0,1
Dylan Bronn,DF,Tunisia,27-182,1995,1.8,75,98,76.5,1441,393,20,23,87.0,47,54,87.0,8,19,42.1,0,0.0,0.0,0.0,0,4,0,0,5
Eden Hazard,MF,Belgium,31-345,1991,1.4,46,58,79.3,678,180,26,29,89.7,14,18,77.8,2,3,66.7,0,0.0,0.1,0.0,1,5,0,0,6
Ederson,GK,Brazil,29-123,1993,1.0,28,31,90.3,728,547,4,4,100.0,17,19,89.5,7,8,87.5,0,0.0,0.0,0.0,0,0,0,0,0
Edimilson Fernandes,FW,Switzerland,26-247,1996,1.6,65,82,79.3,858,255,40,43,93.0,22,24,91.7,0,8,0.0,0,0.3,0.0,-0.3,3,2,0,0,3
Edinson Cavani,FW,Uruguay,35-307,1987,1.4,27,37,73.0,401,115,16,20,80.0,5,9,55.6,4,4,100.0,0,0.7,0.2,-0.7,5,2,2,0,3
Edouard Mendy,GK,Senegal,30-292,1992,4.0,88,120,73.3,2342,1501,24,24,100.0,36,36,100.0,27,59,45.8,0,0.0,0.0,0.0,1,1,0,0,0
Edson Álvarez,MF,Mexico,25-055,1997,1.9,86,114,75.4,1297,375,48,55,87.3,32,42,76.2,4,13,30.8,0,0.2,0.4,-0.2,1,3,1,0,2
Eduardo Camavinga,DF,France,20-038,2002,1.6,88,100,88.0,1446,421,48,49,98.0,37,41,90.2,3,7,42.9,0,0.1,0.1,-0.1,3,3,2,1,3
Ehsan Hajsafi,MF,IR Iran,32-296,1990,2.6,61,98,62.2,1085,442,25,38,65.8,26,30,86.7,6,23,26.1,0,0.2,0.3,-0.2,2,6,1,0,6
Ellyes Skhiri,MF,Tunisia,27-222,1995,3.0,109,127,85.8,1976,841,44,46,95.7,52,59,88.1,12,19,63.2,0,0.1,0.1,-0.1,3,14,2,0,13
Emiliano Martínez,GK,Argentina,30-107,1992,7.7,120,187,64.2,2839,1877,32,32,100.0,64,64,100.0,23,88,26.1,0,0.0,0.0,0.0,0,1,0,0,0
Enner Valencia,FW,Ecuador,33-044,1989,2.8,40,57,70.2,534,70,25,34,73.5,14,14,100.0,0,1,0.0,0,0.3,0.2,-0.3,3,2,1,1,1
Enzo Ebosse,DF,Cameroon,23-282,1999,1.0,34,38,89.5,780,283,7,7,100.0,18,20,90.0,8,9,88.9,0,0.0,0.0,0.0,0,2,0,0,2
Enzo Fernández,MF,Argentina,21-335,2001,6.3,412,471,87.5,6634,1695,208,229,90.8,159,177,89.8,32,44,72.7,1,0.9,0.8,+0.1,6,43,9,1,24
Eray Cömert,DF,Switzerland,24-317,1998,0.5,38,42,90.5,719,254,11,13,84.6,24,25,96.0,3,4,75.0,0,0.0,0.0,0.0,0,1,0,0,1
Eric Dier,DF,England,28-337,1994,0.4,40,41,97.6,744,318,13,13,100.0,24,24,100.0,3,4,75.0,0,0.0,0.0,0.0,0,1,0,0,0
Eric Maxim Choupo-Moting,FW,Cameroon,33-270,1989,2.8,44,66,66.7,629,135,32,41,78.0,8,14,57.1,2,4,50.0,0,0.0,0.1,0.0,2,5,1,0,5
Erick Gutiérrez,MF,Mexico,27-186,1995,0.5,24,29,82.8,340,56,13,14,92.9,11,12,91.7,0,2,0.0,0,0.0,0.0,0.0,0,2,0,0,1
Ethan Ampadu,MF,Wales,22-095,2000,2.8,108,144,75.0,2056,679,42,53,79.2,51,59,86.4,14,22,63.6,0,0.1,0.1,-0.1,2,16,1,0,14
Everton Ribeiro,MF,Brazil,33-252,1989,0.4,15,18,83.3,210,67,10,12,83.3,5,5,100.0,0,1,0.0,0,0.1,0.1,-0.1,2,2,1,1,2
Exequiel Palacios,MF,Argentina,24-074,1998,0.6,25,28,89.3,251,108,16,17,94.1,4,4,100.0,0,1,0.0,0,0.1,0.1,-0.1,1,5,1,0,3
Fabian Frei,MF,Switzerland,33-344,1989,0.3,9,14,64.3,150,19,4,4,100.0,5,7,71.4,0,2,0.0,0,0.0,0.0,0.0,0,0,0,0,0
Fabian Rieder,FW,Switzerland,20-305,2002,0.8,13,26,50.0,126,34,11,16,68.8,2,7,28.6,0,2,0.0,0,0.2,0.0,-0.2,1,1,0,0,1
Fabian Schär,DF,Switzerland,30-363,1991,1.5,65,82,79.3,1483,444,17,19,89.5,40,47,85.1,8,16,50.0,0,0.0,0.0,0.0,0,4,0,0,2
Fabinho,MF,Brazil,29-056,1993,1.0,51,57,89.5,896,326,25,26,96.2,19,22,86.4,7,7,100.0,0,0.0,0.0,0.0,0,4,0,0,6
Facundo Pellistri,MF,Uruguay,20-363,2001,2.0,32,46,69.6,536,103,16,19,84.2,13,19,68.4,2,3,66.7,0,0.2,0.2,-0.2,3,1,1,0,2
Famara Diedhiou,FW,Senegal,30-003,1992,1.0,10,14,71.4,145,17,5,8,62.5,5,5,100.0,0,0,,0,0.0,0.1,0.0,1,1,1,0,1
Federico Valverde,MF,Uruguay,24-149,1998,3.0,159,189,84.1,2866,875,68,73,93.2,63,73,86.3,23,34,67.6,0,0.4,0.4,-0.4,4,21,3,1,17
Ferjani Sassi,MF,Tunisia,30-275,1992,0.5,25,34,73.5,522,135,5,7,71.4,17,18,94.4,3,6,50.0,0,0.0,0.0,0.0,0,5,1,0,4
Ferrán Torres,FW,Spain,22-292,2000,2.4,59,85,69.4,878,123,33,38,86.8,22,29,75.9,1,5,20.0,0,0.2,0.2,-0.2,1,1,3,0,6
Filip Kostić,DF,Serbia,30-047,1992,2.0,72,113,63.7,1170,416,28,34,82.4,30,46,65.2,7,19,36.8,0,0.0,0.2,0.0,1,3,2,2,6
Filip Mladenović,DF,Serbia,31-125,1991,0.7,20,25,80.0,279,95,10,10,100.0,8,11,72.7,1,2,50.0,0,0.0,0.0,0.0,0,2,0,0,1
Filip Đuričić,MF,Serbia,30-322,1992,0.2,5,6,83.3,96,23,2,3,66.7,3,3,100.0,0,0,,0,0.0,0.0,0.0,1,0,0,0,0
Firas Al-Buraikan,MF,Saudi Arabia,22-218,2000,3.0,42,63,66.7,523,111,30,34,88.2,8,13,61.5,1,1,100.0,1,0.1,0.1,+0.9,1,1,4,0,5
Fodé Ballo-Touré,DF,Senegal,25-349,1997,0.1,5,8,62.5,100,3,2,2,100.0,2,3,66.7,1,2,50.0,0,0.0,0.0,0.0,0,0,0,0,0
Fran Karačić,DF,Australia,26-220,1996,1.0,33,54,61.1,765,350,11,17,64.7,13,22,59.1,9,14,64.3,0,0.1,0.1,-0.1,1,5,3,1,7
Francisco Calvo,DF,Costa Rica,30-163,1992,2.0,86,104,82.7,1562,601,34,37,91.9,43,49,87.8,8,17,47.1,0,0.0,0.0,0.0,0,4,0,0,5
Fred,MF,Brazil,29-288,1993,1.6,71,83,85.5,1108,338,40,45,88.9,23,29,79.3,6,6,100.0,0,0.2,0.2,-0.2,4,6,4,0,11
Frenkie de Jong,MF,Netherlands,25-220,1997,5.3,323,364,88.7,5030,1254,178,198,89.9,121,128,94.5,19,25,76.0,1,0.2,0.4,+0.8,4,23,2,1,17
Félix Torres Caicedo,DF,Ecuador,25-341,1997,3.0,168,208,80.8,3340,1317,51,58,87.9,94,103,91.3,23,42,54.8,1,0.4,0.0,+0.6,1,3,0,0,2
Gabriel Jesus,FW,Brazil,25-259,1997,1.0,22,28,78.6,297,130,13,14,92.9,6,7,85.7,2,2,100.0,0,0.2,0.1,-0.2,4,3,2,0,5
Garang Kuol,FW,Australia,18-094,2004,0.4,3,5,60.0,33,3,3,3,100.0,0,2,0.0,0,0,,0,0.0,0.0,0.0,0,0,0,0,0
Gareth Bale,FW,Wales,33-155,1989,2.5,33,53,62.3,545,137,12,17,70.6,13,18,72.2,3,9,33.3,0,0.2,0.2,-0.2,2,2,1,1,4
Gavi,MF,Spain,18-135,2004,3.2,133,154,86.4,1966,174,77,81,95.1,46,49,93.9,6,11,54.5,0,0.1,0.2,-0.1,1,6,2,1,4
Gaël Ondoua,MF,Cameroon,27-044,1995,0.5,17,19,89.5,301,103,7,9,77.8,6,6,100.0,3,3,100.0,0,0.0,0.0,0.0,0,3,0,0,4
Georges-Kévin N'Koudou,FW,Cameroon,27-308,1995,0.3,9,12,75.0,165,28,5,5,100.0,3,4,75.0,1,1,100.0,0,0.0,0.0,0.0,0,1,0,0,1
Germán Pezzella,DF,Argentina,31-174,1991,0.7,42,45,93.3,628,234,22,22,100.0,20,21,95.2,0,1,0.0,0,0.0,0.0,0.0,0,1,0,0,1
Gerson Torres,MF,Costa Rica,25-112,1997,0.7,16,16,100.0,228,14,8,8,100.0,8,8,100.0,0,0,,0,0.0,0.0,0.0,0,0,0,0,0
Ghaylène Chaalali,MF,Tunisia,28-293,1994,0.2,3,4,75.0,75,32,0,1,0.0,3,3,100.0,0,0,,0,0.0,0.0,0.0,0,1,0,0,1
Gideon Mensah,DF,Ghana,24-153,1998,1.0,36,46,78.3,586,202,19,21,90.5,14,17,82.4,3,7,42.9,1,0.3,0.1,+0.7,1,2,1,0,3
Gio Reyna,FW,United States,20-035,2002,0.6,26,38,68.4,408,58,13,19,68.4,9,12,75.0,2,2,100.0,0,0.2,0.2,-0.2,2,1,1,1,1
Giorgian De Arrascaeta,MF,Uruguay,28-200,1994,1.2,32,52,61.5,393,149,17,20,85.0,10,16,62.5,1,6,16.7,0,0.5,0.6,-0.5,3,3,3,0,4
Gleison Bremer,DF,Brazil,25-275,1997,1.2,78,84,92.9,1445,438,20,22,90.9,55,57,96.5,2,3,66.7,0,0.0,0.0,0.0,0,1,0,0,1
Gonzalo Montiel,DF,Argentina,25-351,1997,1.3,69,81,85.2,954,307,39,42,92.9,26,28,92.9,1,3,33.3,0,0.3,0.2,-0.3,3,4,0,0,2
Gonzalo Plata,MF,Ecuador,22-047,2000,3.0,77,104,74.0,1138,283,48,51,94.1,21,30,70.0,5,17,29.4,0,0.2,0.1,-0.2,2,3,1,0,2
Gonçalo Ramos,FW,Portugal,21-181,2001,1.7,25,31,80.6,315,57,17,20,85.0,8,9,88.9,0,0,,1,0.4,0.1,+0.6,2,1,2,0,2
Granit Xhaka,MF,Switzerland,30-082,1992,4.0,215,243,88.5,3990,1079,81,86,94.2,99,106,93.4,28,40,70.0,0,0.1,0.2,-0.1,2,21,3,0,25
Gregor Kobel,GK,Switzerland,25-012,1997,1.0,21,29,72.4,478,277,5,5,100.0,15,15,100.0,1,9,11.1,0,0.0,0.0,0.0,0,0,0,0,0
Grzegorz Krychowiak,MF,Poland,32-323,1990,3.7,93,127,73.2,1385,575,58,65,89.2,22,31,71.0,8,20,40.0,0,0.2,0.1,-0.2,3,8,1,0,7
Guido Rodríguez,MF,Argentina,28-250,1994,0.6,54,64,84.4,871,342,30,33,90.9,19,24,79.2,4,6,66.7,0,0.0,0.0,0.0,0,2,0,0,1
Guillermo Ochoa,GK,Mexico,37-158,1985,3.0,93,109,85.3,2274,1555,19,19,100.0,53,53,100.0,21,35,60.0,0,0.0,0.0,0.0,0,1,0,0,0
Guillermo Varela,DF,Uruguay,29-269,1993,2.0,62,92,67.4,1043,465,31,38,81.6,22,33,66.7,7,14,50.0,0,0.1,0.0,-0.1,1,3,2,1,6
Haji Wright,FW,United States,24-266,1998,1.5,20,27,74.1,219,37,13,15,86.7,3,5,60.0,1,2,50.0,0,0.0,0.0,0.0,1,2,1,0,2
Hakim Ziyech,FW,Morocco,29-274,1993,7.1,211,306,69.0,3462,987,118,139,84.9,57,79,72.2,27,62,43.5,1,0.7,0.5,+0.3,7,16,7,0,24
Hannibal Mejbri,MF,Tunisia,19-331,2003,0.1,2,2,100.0,29,0,1,1,100.0,1,1,100.0,0,0,,0,0.0,0.0,0.0,0,0,0,0,0
Haris Seferović,FW,Switzerland,30-299,1992,0.8,10,14,71.4,135,23,7,7,100.0,3,5,60.0,0,0,,0,0.0,0.0,0.0,1,0,0,0,1
Harry Kane,FW,England,29-143,1993,4.5,62,98,63.3,1027,390,33,43,76.7,24,36,66.7,5,7,71.4,3,1.5,0.7,+1.5,5,12,5,1,16
Harry Maguire,DF,England,29-288,1993,4.8,354,407,87.0,7329,2340,99,109,90.8,212,224,94.6,43,68,63.2,1,0.0,0.1,+1.0,1,23,1,0,19
Harry Souttar,DF,Australia,24-057,1998,4.0,138,167,82.6,2588,1257,54,56,96.4,64,69,92.8,14,35,40.0,0,0.0,0.1,0.0,1,9,0,0,5
Harry Wilson,MF,Wales,25-271,1997,1.8,48,64,75.0,911,225,23,27,85.2,17,21,81.0,8,13,61.5,0,0.5,0.3,-0.5,3,3,2,1,2
Hassan Al Tambakti,DF,Saudi Arabia,23-312,1999,2.0,40,55,72.7,694,326,17,18,94.4,19,24,79.2,3,9,33.3,0,0.0,0.0,0.0,0,1,0,0,3
Hassan Al-Haydos,MF,Qatar,32-007,1990,2.3,65,80,81.3,1088,282,33,39,84.6,24,25,96.0,7,12,58.3,0,0.6,0.5,-0.6,2,5,2,2,6
Hattan Bahebri,MF,Saudi Arabia,30-155,1992,0.0,4,7,57.1,31,7,2,3,66.7,0,2,0.0,0,0,,1,0.6,0.0,+0.4,1,0,0,0,0
Henry Martín,FW,Mexico,30-030,1992,1.6,13,20,65.0,152,14,9,12,75.0,4,6,66.7,0,0,,0,0.2,0.2,-0.2,5,0,0,0,0
Hernán Galíndez,GK,Ecuador,35-263,1987,3.0,44,74,59.5,1275,996,11,11,100.0,16,16,100.0,16,46,34.8,0,0.0,0.0,0.0,0,0,0,0,0
Hidemasa Morita,MF,Japan,27-222,1995,3.2,129,157,82.2,2180,695,68,79,86.1,47,58,81.0,12,16,75.0,0,0.1,0.1,-0.1,2,14,2,1,11
Hiroki Ito,DF,Japan,23-220,1999,0.5,58,63,92.1,1007,257,28,28,100.0,25,27,92.6,5,8,62.5,0,0.0,0.0,0.0,1,8,0,0,5
Hiroki Sakai,MF,Japan,32-250,1990,1.3,28,47,59.6,540,288,9,11,81.8,14,21,66.7,4,9,44.4,0,0.1,0.1,-0.1,1,4,1,0,6
Hirving Lozano,FW,Mexico,27-141,1995,2.8,42,77,54.5,641,258,21,28,75.0,14,22,63.6,4,15,26.7,0,1.0,0.9,-1.0,8,1,8,3,7
Homam Ahmed,DF,Qatar,23-115,1999,2.9,77,105,73.3,1196,182,45,52,86.5,24,31,77.4,5,10,50.0,0,0.0,0.0,0.0,2,1,0,0,2
Hong Chul,DF,Korea Republic,32-092,1990,0.5,17,20,85.0,324,102,8,8,100.0,5,5,100.0,3,6,50.0,0,0.1,0.0,-0.1,1,2,0,0,3
Hossein Hosseini,GK,IR Iran,30-171,1992,1.8,23,47,48.9,811,676,0,0,,9,9,100.0,14,36,38.9,0,0.0,0.0,0.0,0,0,0,0,0
Hossein Kanaanizadegan,DF,IR Iran,28-270,1994,0.5,8,11,72.7,213,121,2,3,66.7,2,2,100.0,4,6,66.7,0,0.0,0.0,0.0,0,0,0,0,0
Hugo Lloris,GK,France,35-357,1986,6.3,110,182,60.4,3608,2916,19,19,100.0,45,47,95.7,46,115,40.0,0,0.0,0.0,0.0,0,2,0,0,0
Hwang Hee-chan,MF,Korea Republic,26-326,1996,1.3,45,59,76.3,595,127,33,35,94.3,11,16,68.8,1,2,50.0,0,0.0,0.1,0.0,1,0,1,0,1
Hwang In-beom,MF,Korea Republic,26-089,1996,3.7,194,247,78.5,3456,1020,89,106,84.0,76,89,85.4,22,41,53.7,0,0.1,0.2,-0.1,3,33,5,1,21
Hwang Ui-jo,FW,Korea Republic,30-112,1992,1.2,9,11,81.8,120,19,4,6,66.7,4,4,100.0,0,0,,0,0.0,0.0,0.0,0,0,0,0,0
Héctor Herrera,MF,Mexico,32-243,1990,1.8,64,78,82.1,1104,198,28,33,84.8,29,32,90.6,4,7,57.1,0,0.1,0.2,-0.1,1,3,1,1,3
Héctor Moreno,DF,Mexico,34-335,1988,3.0,165,195,84.6,2986,1087,68,76,89.5,80,92,87.0,16,25,64.0,0,0.0,0.0,0.0,1,20,0,0,13
Ibrahima Konaté,DF,France,23-207,1999,3.3,216,236,91.5,4342,1538,71,76,93.4,119,125,95.2,26,34,76.5,0,0.4,0.3,-0.4,2,22,1,0,15
Idrissa Gana Gueye,MF,Senegal,33-083,1989,3.0,107,133,80.5,1524,274,58,63,92.1,38,42,90.5,5,16,31.3,0,0.1,0.2,-0.1,1,7,0,0,4
Ilias Chair,MF,Morocco,25-049,1997,0.5,13,15,86.7,188,54,8,8,100.0,4,5,80.0,1,2,50.0,0,0.0,0.0,0.0,0,1,0,0,0
Iliman Ndiaye,FW,Senegal,22-287,2000,1.5,25,32,78.1,290,43,16,19,84.2,7,10,70.0,0,1,0.0,1,0.2,0.2,+0.8,1,0,0,0,1
Ismail Jakobs,DF,Senegal,23-123,1999,3.1,107,156,68.6,1695,708,54,63,85.7,46,62,74.2,6,26,23.1,1,0.3,0.5,+0.7,5,8,4,3,6
Ismail Mohamad,FW,Qatar,32-257,1990,1.9,,,,,,,,,,,,,,,1,,,,,,,,
Ismaila Sarr,FW,Senegal,24-296,1998,3.8,52,81,64.2,659,205,32,36,88.9,11,25,44.0,4,6,66.7,0,0.4,0.5,-0.4,6,3,6,2,6
Ismaël Koné,MF,Canada,20-195,2002,1.2,96,101,95.0,1893,327,34,35,97.1,48,49,98.0,12,13,92.3,0,0.1,0.0,-0.1,1,12,0,0,4
Issam Jebali,FW,Tunisia,30-358,1991,2.0,25,35,71.4,338,59,16,18,88.9,7,10,70.0,1,2,50.0,0,0.2,0.2,-0.2,2,0,1,1,0
Ivan Ilić,MF,Serbia,21-276,2001,0.4,19,20,95.0,236,45,11,11,100.0,7,8,87.5,0,0,,0,0.0,0.0,0.0,1,3,0,0,0
Ivan Perišić,FW,Croatia,33-319,1989,7.4,202,292,69.2,3127,666,118,141,83.7,58,91,63.7,17,36,47.2,3,0.9,0.6,+2.1,9,11,9,3,15
Iñaki Williams,FW,Ghana,28-186,1994,3.0,29,42,69.0,355,65,18,24,75.0,7,9,77.8,1,1,100.0,0,0.2,0.0,-0.2,2,0,0,0,1
Jack Grealish,FW,England,27-099,1995,1.0,48,54,88.9,612,103,32,33,97.0,12,14,85.7,1,1,100.0,0,0.1,0.2,-0.1,2,2,4,0,5
Jackson Irvine,MF,Australia,29-286,1993,3.9,103,128,80.5,1569,426,56,63,88.9,42,48,87.5,2,5,40.0,0,0.0,0.1,0.0,1,2,3,0,11
Jackson Porozo,DF,Ecuador,22-136,2000,1.1,39,44,88.6,623,181,17,19,89.5,16,17,94.1,5,7,71.4,0,0.0,0.0,0.0,0,1,0,0,0
Jakub Kamiński,MF,Poland,20-196,2002,2.6,37,61,60.7,487,167,24,32,75.0,11,21,52.4,0,0,,0,0.2,0.4,-0.2,2,1,2,2,1
Jakub Kiwior,DF,Poland,22-306,2000,3.9,174,205,84.9,3687,1249,54,56,96.4,92,98,93.9,26,48,54.2,0,0.0,0.0,0.0,0,10,0,0,3
Jamal Musiala,MF,Germany,19-295,2003,2.9,85,105,81.0,1130,288,49,58,84.5,27,31,87.1,3,3,100.0,1,0.9,0.8,+0.1,8,2,7,1,9
Jamie Maclaren,FW,Australia,29-142,1993,0.6,7,15,46.7,62,4,2,6,33.3,2,5,40.0,0,1,0.0,0,0.0,0.0,0.0,1,0,0,0,0
Jan Bednarek,DF,Poland,26-250,1996,0.1,6,6,100.0,102,53,2,2,100.0,4,4,100.0,0,0,,0,0.0,0.0,0.0,0,1,0,0,0
Jan Vertonghen,DF,Belgium,35-238,1987,3.0,238,269,88.5,4600,1560,67,72,93.1,158,167,94.6,13,25,52.0,0,0.0,0.0,0.0,0,6,0,0,8
Jason Cummings,FW,Australia,27-139,1995,0.4,4,6,66.7,85,19,2,4,50.0,1,1,100.0,1,1,100.0,0,0.0,0.0,0.0,0,1,0,0,1
Jawad El Yamiq,DF,Morocco,30-292,1992,3.4,146,164,89.0,2260,940,79,87,90.8,61,64,95.3,6,12,50.0,0,0.0,0.0,0.0,0,2,0,0,2
Jean-Charles Castelletto,DF,Cameroon,27-326,1995,2.0,66,82,80.5,1208,459,34,38,89.5,23,28,82.1,9,16,56.3,1,0.3,0.2,+0.7,1,6,1,0,6
Jeong Woo-yeong,MF,Korea Republic,23-089,1999,0.5,12,15,80.0,181,31,6,7,85.7,4,4,100.0,1,2,50.0,0,0.0,0.0,0.0,0,0,1,0,1
Jeremy Doku,MF,Belgium,20-205,2002,0.2,8,14,57.1,116,6,5,7,71.4,3,4,75.0,0,0,,0,0.0,0.0,0.0,0,0,1,0,1
Jeremy Sarmiento,MF,Ecuador,20-185,2002,0.9,23,37,62.2,304,40,14,17,82.4,6,9,66.7,1,6,16.7,0,0.1,0.0,-0.1,2,1,1,1,0
Jerome Ngom Mbekeli,MF,Cameroon,24-079,1998,0.1,1,2,50.0,34,28,0,0,,0,1,0.0,1,1,100.0,0,0.1,0.1,-0.1,1,0,1,1,0
Jesper Lindstrøm,MF,Denmark,22-292,2000,2.2,36,52,69.2,427,99,26,34,76.5,8,11,72.7,0,2,0.0,0,0.0,0.0,0.0,0,1,2,0,3
Jesús Ferreira,FW,United States,21-359,2000,0.5,16,19,84.2,203,12,11,11,100.0,5,6,83.3,0,0,,0,0.0,0.0,0.0,0,0,0,0,0
Jesús Gallardo,DF,Mexico,28-125,1994,3.0,93,134,69.4,1518,416,52,64,81.3,34,45,75.6,6,17,35.3,0,0.0,0.1,0.0,1,9,2,1,4
Jewison Bennette,MF,Costa Rica,18-186,2004,1.1,11,14,78.6,179,41,6,6,100.0,4,5,80.0,1,1,100.0,0,0.0,0.0,0.0,0,0,1,1,0
Jhegson Méndez,MF,Ecuador,25-236,1997,2.0,128,140,91.4,2200,625,60,63,95.2,55,56,98.2,11,15,73.3,0,0.1,0.1,-0.1,2,6,0,0,6
Joachim Andersen,DF,Denmark,26-201,1996,3.0,198,250,79.2,4353,1456,50,65,76.9,115,125,92.0,29,51,56.9,1,0.2,0.1,+0.8,1,30,1,0,16
Joakim Mæhle,DF,Denmark,25-212,1997,2.8,119,146,81.5,1631,428,76,82,92.7,35,41,85.4,4,12,33.3,0,0.0,0.1,0.0,1,6,3,0,7
Joe Allen,MF,Wales,32-279,1990,1.0,30,36,83.3,465,78,16,18,88.9,13,16,81.3,1,1,100.0,0,0.1,0.0,-0.1,1,2,0,0,1
Joe Morrell,MF,Wales,25-349,1997,0.4,12,14,85.7,214,32,6,7,85.7,5,6,83.3,1,1,100.0,0,0.0,0.0,0.0,0,1,0,0,1
Joe Rodon,DF,Wales,25-057,1997,3.0,152,169,89.9,3064,1019,40,42,95.2,93,101,92.1,19,26,73.1,0,0.0,0.0,0.0,0,1,0,0,1
Joel Campbell,FW,Costa Rica,30-175,1992,3.0,104,138,75.4,1748,363,52,61,85.2,39,44,88.6,9,19,47.4,0,0.1,0.1,-0.1,1,3,4,1,10
Johan Venegas,FW,Costa Rica,34-021,1988,0.8,11,14,78.6,143,13,10,11,90.9,1,2,50.0,0,0,,0,0.0,0.0,0.0,0,0,0,0,0
John Stones,DF,England,28-204,1994,4.8,435,454,95.8,8447,2913,152,156,97.4,231,235,98.3,48,58,82.8,0,0.1,0.1,-0.1,1,20,0,0,22
Jonas Hofmann,FW,Germany,30-157,1992,0.3,16,20,80.0,186,44,9,10,90.0,3,3,100.0,1,1,100.0,0,0.1,0.0,-0.1,1,2,0,0,1
Jonathan David,FW,Canada,22-338,2000,2.1,41,60,68.3,599,139,27,33,81.8,9,12,75.0,4,8,50.0,0,0.0,0.0,0.0,0,6,0,0,3
Jonathan Osorio,MF,Canada,30-189,1992,1.3,52,57,91.2,836,163,24,27,88.9,21,22,95.5,4,4,100.0,0,0.0,0.0,0.0,0,5,0,0,1
Jordan Ayew,FW,Ghana,31-098,1991,1.5,35,46,76.1,521,104,19,19,100.0,11,16,68.8,2,6,33.3,1,0.5,0.4,+0.5,3,0,1,1,2
Jordan Henderson,MF,England,32-184,1990,3.0,137,163,84.0,2244,493,75,81,92.6,52,61,85.2,8,15,53.3,0,0.3,1.4,-0.3,4,11,3,0,13
Jordan Morris,FW,United States,28-053,1994,0.0,1,4,25.0,11,0,1,2,50.0,0,0,,0,0,,0,0.0,0.0,0.0,0,0,0,0,0
Jordan Pickford,GK,England,28-286,1994,5.0,126,160,78.8,3259,2161,39,39,100.0,59,59,100.0,28,60,46.7,0,0.0,0.0,0.0,0,2,0,0,0
Jordan Veretout,MF,France,29-292,1993,0.7,33,36,91.7,609,139,13,15,86.7,16,16,100.0,4,4,100.0,0,0.0,0.0,0.0,0,3,0,0,1
Jordi Alba,DF,Spain,33-272,1989,2.9,328,372,88.2,5403,1384,160,174,92.0,144,157,91.7,20,28,71.4,2,0.9,0.7,+1.1,5,33,7,2,23
Jorge Eduardo Sánchez,DF,Mexico,25-008,1997,1.9,69,87,79.3,1119,484,36,39,92.3,27,37,73.0,6,8,75.0,0,0.0,0.0,0.0,0,4,1,0,9
Josh Sargent,FW,United States,22-301,2000,1.7,29,33,87.9,321,35,18,19,94.7,7,7,100.0,0,1,0.0,0,0.1,0.1,-0.1,1,1,1,0,1
Joshua Kimmich,MF,Germany,27-313,1995,3.0,226,267,84.6,4179,1228,104,110,94.5,87,94,92.6,29,50,58.0,0,1.1,1.5,-1.1,9,26,9,2,22
Josip Juranović,DF,Croatia,27-124,1995,6.7,318,405,78.5,4928,1748,183,195,93.8,101,133,75.9,24,47,51.1,1,0.3,0.3,+0.7,7,24,6,4,21
Josip Stanišić,DF,Croatia,22-260,2000,1.0,36,49,73.5,611,129,20,24,83.3,13,15,86.7,3,5,60.0,0,0.0,0.0,0.0,0,0,0,0,1
Josip Šutalo,DF,Croatia,22-293,2000,1.0,62,66,93.9,1178,314,22,23,95.7,34,36,94.4,5,6,83.3,0,0.0,0.0,0.0,0,1,0,0,2
José Cifuentes,MF,Ecuador,23-281,1999,0.7,33,44,75.0,447,115,22,24,91.7,10,13,76.9,0,3,0.0,0,0.0,0.0,0.0,0,2,0,0,1
José María Giménez,DF,Uruguay,27-332,1995,3.0,141,174,81.0,2792,1084,50,59,84.7,71,81,87.7,17,29,58.6,0,0.0,0.3,0.0,0,11,2,0,10
João Cancelo,DF,Portugal,28-205,1994,3.4,221,271,81.5,3800,864,123,138,89.1,72,87,82.8,24,35,68.6,0,0.0,0.2,0.0,0,10,6,5,12
João Félix,FW,Portugal,23-038,1999,3.7,91,122,74.6,1335,254,55,69,79.7,30,37,81.1,5,9,55.6,2,0.4,0.2,+1.6,3,7,3,0,7
João Mário,FW,Portugal,29-333,1993,0.9,37,40,92.5,516,92,22,23,95.7,9,10,90.0,3,3,100.0,0,0.0,0.0,0.0,0,1,0,0,2
João Palhinha,MF,Portugal,27-162,1995,0.4,26,31,83.9,442,125,11,11,100.0,11,13,84.6,3,6,50.0,0,0.1,0.0,-0.1,2,1,0,0,1
Joško Gvardiol,DF,Croatia,20-329,2002,7.7,464,519,89.4,8363,3112,195,204,95.6,224,244,91.8,39,58,67.2,0,0.0,0.3,0.0,1,26,1,0,17
Juan Foyth,DF,Argentina,24-340,1998,0.1,3,4,75.0,31,13,3,3,100.0,0,1,0.0,0,0,,0,0.0,0.0,0.0,0,0,0,0,0
Juan Pablo Vargas,DF,Costa Rica,27-195,1995,1.0,19,24,79.2,368,223,9,10,90.0,8,9,88.9,2,5,40.0,0,0.0,0.0,0.0,0,0,0,0,0
Jude Bellingham,MF,England,19-172,2003,4.6,235,265,88.7,3972,726,111,121,91.7,101,109,92.7,20,24,83.3,1,0.3,0.5,+0.7,4,18,4,0,14
Jules Koundé,DF,France,24-036,1998,5.3,252,311,81.0,4123,1291,128,137,93.4,99,122,81.1,21,28,75.0,0,0.1,0.1,-0.1,1,25,0,0,6
Julián Álvarez,FW,Argentina,22-321,2000,5.2,93,121,76.9,1159,132,62,73,84.9,17,24,70.8,5,6,83.3,0,0.1,0.7,-0.1,2,2,2,1,3
Jung Woo-young,MF,Korea Republic,33-004,1989,3.4,178,211,84.4,3599,1019,67,75,89.3,78,88,88.6,31,42,73.8,0,0.1,0.1,-0.1,2,25,2,0,14
Junior Hoilett,FW,Canada,32-196,1990,1.8,43,59,72.9,743,324,23,26,88.5,10,14,71.4,7,13,53.8,0,0.4,0.4,-0.4,4,3,6,3,6
Junya Ito,MF,Japan,29-284,1993,3.6,59,97,60.8,752,288,40,52,76.9,16,22,72.7,1,12,8.3,1,0.2,0.1,+0.8,5,2,2,1,5
Jurriën Timber,DF,Netherlands,21-184,2001,4.3,283,313,90.4,4444,1337,144,151,95.4,116,126,92.1,18,29,62.1,0,0.0,0.1,0.0,0,32,0,0,15
Kai Havertz,FW,Germany,23-190,1999,1.1,27,34,79.4,388,89,12,14,85.7,10,10,100.0,2,2,100.0,0,0.2,0.5,-0.2,2,2,3,1,4
Kalidou Koulibaly,DF,Senegal,31-181,1991,4.0,156,205,76.1,3196,1327,49,52,94.2,80,88,90.9,23,55,41.8,0,0.0,0.0,0.0,1,12,0,0,9
Kalvin Phillips,MF,England,27-016,1995,0.5,17,19,89.5,363,97,4,4,100.0,9,10,90.0,3,3,100.0,1,0.1,0.0,+0.9,1,2,0,0,1
Kamal Miller,DF,Canada,25-216,1997,3.0,186,205,90.7,3184,1385,83,86,96.5,84,89,94.4,15,23,65.2,0,0.0,0.0,0.0,0,21,0,0,10
Kamaldeen Sulemana,FW,Ghana,20-306,2002,0.6,10,19,52.6,124,31,8,10,80.0,2,4,50.0,0,1,0.0,0,0.0,0.0,0.0,0,0,1,0,1
Kamil Glik,DF,Poland,34-318,1988,4.0,118,130,90.8,2363,657,29,29,100.0,76,81,93.8,12,19,63.2,0,0.0,0.0,0.0,0,2,0,0,1
Kamil Grosicki,MF,Poland,34-193,1988,0.0,4,6,66.7,61,30,3,3,100.0,0,1,0.0,1,1,100.0,0,0.1,0.1,-0.1,1,0,1,1,0
Kaoru Mitoma,MF,Japan,25-212,1997,1.8,50,70,71.4,723,150,31,39,79.5,13,18,72.2,4,8,50.0,1,1.2,0.4,-0.2,3,1,2,0,3
Karim Ansarifard,FW,IR Iran,32-259,1990,0.4,4,5,80.0,48,10,2,3,66.7,1,1,100.0,0,0,,0,0.1,0.0,-0.1,1,0,0,0,0
Karim Boudiaf,MF,Qatar,32-093,1990,2.1,94,106,88.7,1555,406,43,49,87.8,37,42,88.1,10,11,90.9,0,0.0,0.0,0.0,0,9,0,0,5
Karl Toko Ekambi,FW,Cameroon,30-095,1992,1.8,43,53,81.1,784,115,23,27,85.2,13,13,100.0,7,10,70.0,0,0.3,0.4,-0.3,3,3,0,0,0
Karol Świderski,FW,Poland,25-329,1997,0.5,7,7,100.0,113,6,3,3,100.0,3,3,100.0,1,1,100.0,0,0.0,0.0,0.0,0,0,0,0,0
Kasper Dolberg,FW,Denmark,25-073,1997,1.3,15,18,83.3,186,38,8,11,72.7,6,6,100.0,0,0,,0,0.1,0.0,-0.1,1,0,2,1,2
Kasper Schmeichel,GK,Denmark,36-043,1986,3.0,72,87,82.8,1830,1388,16,16,100.0,36,36,100.0,20,35,57.1,0,0.0,0.0,0.0,0,3,0,0,1
Keanu Baccus,MF,Australia,24-194,1998,1.3,26,41,63.4,479,142,11,16,68.8,9,12,75.0,4,9,44.4,0,0.0,0.0,0.0,0,2,1,0,2
Kellyn Acosta,MF,United States,27-147,1995,0.5,10,12,83.3,165,29,3,4,75.0,7,7,100.0,0,0,,0,0.0,0.0,0.0,0,0,0,0,0
Kendall Waston,DF,Costa Rica,34-351,1988,2.5,57,71,80.3,1225,437,16,19,84.2,32,35,91.4,8,15,53.3,0,0.0,0.0,0.0,0,1,0,0,0
Kenneth Taylor,MF,Netherlands,20-216,2002,0.1,8,8,100.0,112,37,6,6,100.0,1,1,100.0,1,1,100.0,0,0.0,0.0,0.0,0,1,0,0,1
Kevin De Bruyne,FW,Belgium,31-173,1991,3.0,93,136,68.4,1807,747,38,45,84.4,40,54,74.1,15,27,55.6,0,0.9,0.8,-0.9,8,17,9,2,21
Kevin Rodríguez,FW,Ecuador,22-289,2000,0.0,,,,,,,,,,,,,,,0,,,,,,,,
Kevin Álvarez,DF,Mexico,23-337,1999,0.8,19,29,65.5,262,76,11,15,73.3,8,12,66.7,0,1,0.0,0,0.0,0.0,0.0,0,1,0,0,2
Keylor Navas,GK,Costa Rica,36-003,1986,3.0,61,102,59.8,2135,1522,7,7,100.0,25,25,100.0,29,68,42.6,0,0.0,0.0,0.0,0,1,0,0,0
Keysher Fuller,DF,Costa Rica,28-160,1994,2.8,44,63,69.8,663,194,21,27,77.8,21,26,80.8,1,7,14.3,0,0.2,0.1,-0.2,1,2,0,0,1
Kieffer Moore,FW,Wales,30-132,1992,2.5,36,56,64.3,564,87,17,27,63.0,15,20,75.0,2,2,100.0,0,0.2,0.1,-0.2,4,3,1,0,3
Kieran Trippier,DF,England,32-090,1990,2.3,165,195,84.6,2930,762,80,84,95.2,68,76,89.5,16,29,55.2,0,0.1,0.2,-0.1,3,11,2,0,13
Kim Jin-su,DF,Korea Republic,30-188,1992,3.5,105,146,71.9,1901,672,47,51,92.2,44,62,71.0,11,25,44.0,1,0.6,0.6,+0.4,5,5,4,3,7
Kim Min-jae,DF,Korea Republic,26-033,1996,3.0,167,191,87.4,3337,1234,60,65,92.3,85,90,94.4,20,29,69.0,0,0.0,0.1,0.0,0,19,1,0,10
Kim Moonhwan,DF,Korea Republic,27-139,1995,4.0,201,242,83.1,3226,1077,109,117,93.2,73,93,78.5,14,19,73.7,0,0.6,0.3,-0.6,3,14,5,3,8
Kim Seung-gyu,GK,Korea Republic,32-079,1990,4.0,93,128,72.7,2291,1407,23,23,100.0,45,45,100.0,25,59,42.4,0,0.0,0.0,0.0,0,1,0,0,0
Kim Young-gwon,DF,Korea Republic,32-294,1990,3.9,178,209,85.2,3954,1720,61,65,93.8,82,87,94.3,35,56,62.5,0,0.2,0.1,-0.2,3,17,4,1,18
Kingsley Coman,FW,France,26-188,1996,1.9,56,72,77.8,841,120,32,35,91.4,20,25,80.0,4,10,40.0,0,0.1,0.2,-0.1,1,1,2,1,1
Ko Itakura,DF,Japan,25-325,1997,3.0,98,111,88.3,1860,494,32,35,91.4,55,59,93.2,11,15,73.3,1,0.1,0.0,+0.9,1,7,0,0,1
Koke,MF,Spain,30-344,1992,0.6,56,62,90.3,991,170,26,28,92.9,24,25,96.0,6,7,85.7,0,0.0,0.0,0.0,0,4,0,0,2
Kristijan Jakić,FW,Croatia,25-218,1997,0.0,0,0,,0,0,0,0,,0,0,,0,0,,0,0.0,0.0,0.0,0,0,0,0,0
Krystian Bielik,MF,Poland,24-348,1998,2.4,86,99,86.9,1621,440,35,38,92.1,37,38,97.4,12,17,70.6,0,0.0,0.1,0.0,0,5,1,0,5
Krzysztof Piątek,FW,Poland,27-170,1995,0.3,2,6,33.3,35,0,1,2,50.0,1,3,33.3,0,0,,0,0.0,0.0,0.0,0,0,0,0,0
Krépin Diatta,FW,Senegal,23-296,1999,2.0,60,73,82.2,786,241,43,46,93.5,8,15,53.3,4,5,80.0,0,0.2,0.2,-0.2,3,3,3,1,6
Kudus Mohammed,FW,Ghana,22-138,2000,2.7,62,87,71.3,1060,233,28,38,73.7,23,27,85.2,9,14,64.3,0,0.0,0.1,0.0,0,4,0,0,5
Kwon Chang-hoon,FW,Korea Republic,28-171,1994,0.6,19,25,76.0,311,56,10,12,83.3,7,7,100.0,2,4,50.0,0,0.2,0.2,-0.2,1,2,1,1,1
Kwon Kyung-won,DF,Korea Republic,30-321,1992,1.0,39,43,90.7,707,216,18,18,100.0,16,19,84.2,5,5,100.0,0,0.0,0.0,0.0,0,1,0,0,2
Kye Rowles,DF,Australia,24-177,1998,4.0,165,187,88.2,3062,1025,49,52,94.2,96,105,91.4,14,18,77.8,0,0.0,0.0,0.0,0,2,0,0,1
Kyle Walker,DF,England,32-204,1990,2.6,162,181,89.5,3151,837,65,68,95.6,76,83,91.6,20,28,71.4,0,0.0,0.1,0.0,0,11,2,0,12
Kylian Mbappé,FW,France,23-363,1998,6.6,173,229,75.5,2567,645,110,123,89.4,48,61,78.7,12,25,48.0,2,1.3,1.3,+0.7,11,16,8,2,16
Lautaro Martínez,FW,Argentina,25-118,1997,2.7,46,62,74.2,567,21,32,39,82.1,11,15,73.3,1,1,100.0,0,0.0,0.0,0.0,1,0,0,0,0
Lawrence Ati-Zigi,GK,Ghana,26-019,1996,3.0,54,78,69.2,1547,1137,10,10,100.0,30,30,100.0,14,38,36.8,0,0.0,0.0,0.0,0,1,1,0,0
Leander Dendoncker,DF,Belgium,27-247,1995,1.8,119,122,97.5,2213,533,40,40,100.0,72,74,97.3,7,7,100.0,0,0.4,0.3,-0.4,1,6,0,0,10
Leandro Paredes,MF,Argentina,28-172,1994,2.5,230,246,93.5,3700,1333,109,113,96.5,104,110,94.5,12,16,75.0,0,0.0,0.1,0.0,2,18,1,0,13
Leandro Trossard,FW,Belgium,28-014,1994,1.1,43,57,75.4,822,144,21,26,80.8,16,21,76.2,6,7,85.7,0,0.1,0.0,-0.1,2,4,0,0,3
Lee Jae-sung,MF,Korea Republic,30-130,1992,2.3,84,97,86.6,1285,170,41,49,83.7,35,37,94.6,6,7,85.7,0,0.0,0.1,0.0,2,4,0,0,0
Lee Kangin,MF,Korea Republic,21-302,2001,1.6,62,77,80.5,1225,297,22,24,91.7,28,30,93.3,10,20,50.0,1,0.3,0.3,+0.7,4,6,6,1,11
Leon Goretzka,MF,Germany,27-315,1995,1.8,42,57,73.7,552,132,24,28,85.7,11,15,73.3,2,4,50.0,0,0.0,0.1,0.0,1,3,0,0,1
Leroy Sané,FW,Germany,26-341,1996,1.2,47,58,81.0,647,273,22,28,78.6,15,16,93.8,2,3,66.7,1,1.8,1.9,-0.8,4,6,6,1,9
Liam Millar,DF,Canada,23-082,1999,0.1,4,9,44.4,51,23,2,3,66.7,2,4,50.0,0,1,0.0,0,0.0,0.0,0.0,0,0,0,0,1
Lionel Messi,FW,Argentina,35-177,1987,7.7,301,372,80.9,4538,1554,171,183,93.4,93,110,84.5,27,47,57.4,3,2.5,2.0,+0.5,21,38,18,0,49
Lisandro Martínez,DF,Argentina,24-334,1998,3.4,133,156,85.3,2311,821,63,70,90.0,57,64,89.1,13,21,61.9,0,0.7,0.0,-0.7,1,11,1,0,6
Lovro Majer,MF,Croatia,24-335,1998,1.4,78,98,79.6,1165,300,43,47,91.5,27,34,79.4,3,8,37.5,0,0.1,0.3,-0.1,2,5,4,3,5
Loïs Openda,FW,Belgium,22-305,2000,0.1,3,5,60.0,38,0,2,2,100.0,1,1,100.0,0,2,0.0,0,0.0,0.0,0.0,0,0,0,0,0
Lucas Cavallini,FW,Canada,29-355,1992,0.2,2,2,100.0,36,15,1,1,100.0,1,1,100.0,0,0,,0,0.0,0.1,0.0,0,0,1,1,0
Lucas Hernández,DF,France,26-307,1996,0.1,5,10,50.0,66,16,4,7,57.1,1,1,100.0,0,1,0.0,0,0.0,0.0,0.0,0,1,0,0,0
Lucas Paquetá,MF,Brazil,25-113,1997,3.5,169,202,83.7,2578,622,81,93,87.1,69,77,89.6,10,15,66.7,1,1.5,0.6,-0.5,6,16,9,1,15
Luis Chávez,MF,Mexico,26-337,1996,3.0,99,139,71.2,2026,724,45,57,78.9,34,46,73.9,18,32,56.3,0,0.5,0.8,-0.5,4,21,2,2,11
Luis Suárez,FW,Uruguay,35-328,1987,1.6,25,40,62.5,301,97,19,25,76.0,3,6,50.0,1,4,25.0,1,0.1,0.1,+0.9,1,2,1,0,2
Luka Jović,FW,Serbia,24-360,1997,0.4,6,10,60.0,115,4,3,5,60.0,2,3,66.7,1,2,50.0,0,0.2,0.1,-0.2,2,0,0,0,0
Luka Modrić,MF,Croatia,37-100,1985,7.3,465,551,84.4,7825,2857,229,244,93.9,173,202,85.6,45,71,63.4,0,0.7,0.8,-0.7,6,51,10,3,61
Lukas Klostermann,DF,Germany,26-198,1996,0.7,51,52,98.1,776,274,30,31,96.8,18,18,100.0,3,3,100.0,0,0.0,0.1,0.0,0,2,1,0,4
Luke Shaw,DF,England,27-159,1995,4.7,335,400,83.8,5392,1662,165,179,92.2,144,159,90.6,20,41,48.8,1,0.8,0.9,+0.2,8,23,9,4,31
Luuk de Jong,FW,Netherlands,32-113,1990,0.6,8,12,66.7,116,36,5,6,83.3,3,3,100.0,0,1,0.0,0,0.0,0.0,0.0,0,1,0,0,1
Majid Hosseini,DF,IR Iran,26-181,1996,3.0,86,106,81.1,1791,524,28,33,84.8,42,47,89.4,14,21,66.7,0,0.0,0.0,0.0,0,3,0,0,3
Manuel Akanji,DF,Switzerland,27-152,1995,4.0,229,259,88.4,4725,1829,71,78,91.0,124,134,92.5,32,42,76.2,0,0.1,0.1,-0.1,1,15,0,0,14
Manuel Neuer,GK,Germany,36-266,1986,3.0,115,127,90.6,2729,1737,27,27,100.0,51,53,96.2,36,46,78.3,0,0.0,0.0,0.0,0,0,0,0,0
Marcelo Brozović,MF,Croatia,30-032,1992,6.1,466,530,87.9,7429,1726,253,279,90.7,151,167,90.4,48,54,88.9,0,0.2,0.2,-0.2,5,31,1,0,25
Marco Asensio,FW,Spain,26-331,1996,2.5,89,119,74.8,1262,150,50,59,84.7,26,35,74.3,5,8,62.5,0,0.1,0.1,-0.1,2,4,3,0,5
Marcos Acuña,DF,Argentina,31-051,1991,4.1,167,217,77.0,2697,685,96,112,85.7,61,74,82.4,9,21,42.9,0,0.3,0.4,-0.3,5,9,2,0,9
Marcos Llorente,DF,Spain,27-322,1995,1.3,95,106,89.6,1708,271,41,44,93.2,40,43,93.0,12,14,85.7,0,0.0,0.0,0.0,0,9,0,0,6
Marcus Rashford,FW,England,25-048,1997,1.6,49,66,74.2,677,91,32,39,82.1,15,20,75.0,2,3,66.7,0,0.0,0.0,0.0,0,1,0,0,1
Marcus Thuram,FW,France,25-134,1997,1.7,27,39,69.2,369,88,19,25,76.0,5,9,55.6,2,3,66.7,2,0.2,0.1,+1.8,4,1,4,0,5
Mario Götze,MF,Germany,30-198,1992,0.4,21,23,91.3,240,83,15,15,100.0,4,4,100.0,0,0,,0,0.1,0.1,-0.1,2,1,2,2,1
Mario Pašalić,FW,Croatia,27-312,1995,3.0,76,95,80.0,1146,343,42,46,91.3,24,29,82.8,6,8,75.0,0,0.2,0.2,-0.2,1,3,1,1,5
Mark-Anthony Kaye,MF,Canada,28-016,1994,0.7,51,61,83.6,834,112,23,30,76.7,23,24,95.8,3,5,60.0,0,0.0,0.0,0.0,0,1,0,0,1
Marko Grujić,MF,Serbia,26-249,1996,0.1,14,17,82.4,230,62,4,5,80.0,8,9,88.9,0,1,0.0,0,0.0,0.0,0.0,0,2,0,0,2
Marko Livaja,FW,Croatia,29-114,1993,2.7,35,58,60.3,502,133,18,27,66.7,14,19,73.7,1,2,50.0,1,0.1,0.1,+0.9,3,4,3,0,7
Marquinhos,DF,Brazil,28-218,1994,4.7,352,368,95.7,6124,1913,139,140,99.3,197,204,96.6,12,18,66.7,0,0.8,1.1,-0.8,4,36,3,1,18
Marten de Roon,MF,Netherlands,31-264,1991,2.0,97,119,81.5,1560,332,49,57,86.0,41,52,78.8,5,5,100.0,0,0.0,0.0,0.0,0,8,0,0,3
Martin Braithwaite,FW,Denmark,31-196,1991,1.1,14,20,70.0,207,32,6,7,85.7,5,5,100.0,1,1,100.0,0,0.1,0.1,-0.1,3,0,1,0,1
Martin Hongla,MF,Cameroon,24-277,1998,1.3,49,61,80.3,839,266,24,28,85.7,20,24,83.3,4,6,66.7,0,0.1,0.1,-0.1,2,7,1,0,3
Martinelli,FW,Brazil,21-183,2001,1.3,34,45,75.6,471,103,22,28,78.6,11,13,84.6,0,2,0.0,0,0.2,0.3,-0.2,3,3,2,1,2
Martín Cáceres,DF,Uruguay,35-255,1987,1.0,68,79,86.1,1289,320,22,25,88.0,35,39,89.7,10,13,76.9,0,0.0,0.0,0.0,0,5,0,0,2
Mason Mount,MF,England,23-342,1999,2.1,61,73,83.6,1031,212,36,42,85.7,19,22,86.4,6,7,85.7,0,0.0,0.1,0.0,1,3,1,0,4
Mateo Kovačić,MF,Croatia,28-226,1994,7.1,415,460,90.2,6213,1384,236,250,94.4,144,156,92.3,21,31,67.7,0,1.0,1.2,-1.0,9,47,7,0,31
Matheus Nunes,MF,Portugal,24-113,1998,0.8,28,33,84.8,534,94,14,16,87.5,9,9,100.0,5,7,71.4,0,0.1,0.0,-0.1,1,2,0,0,0
Mathew Leckie,MF,Australia,31-317,1991,3.7,67,103,65.0,791,268,43,54,79.6,16,24,66.7,1,4,25.0,1,0.3,0.0,+0.7,2,8,1,0,7
Mathew Ryan,GK,Australia,30-254,1992,4.0,113,164,68.9,3668,2579,13,13,100.0,46,46,100.0,54,105,51.4,0,0.0,0.0,0.0,0,1,0,0,0
Mathias Jensen,MF,Denmark,26-351,1996,0.9,52,67,77.6,871,249,28,33,84.8,16,18,88.9,6,13,46.2,0,0.4,0.1,-0.4,4,7,2,0,4
Mathías Olivera,DF,Uruguay,25-048,1997,2.8,104,133,78.2,1495,574,69,78,88.5,24,34,70.6,6,9,66.7,0,0.4,0.5,-0.4,5,7,4,2,7
Matt Turner,GK,United States,28-177,1994,4.0,101,128,78.9,2504,1748,26,26,100.0,50,51,98.0,24,50,48.0,0,0.0,0.0,0.0,0,2,0,0,0
Matthias Ginter,DF,Germany,28-333,1994,0.0,3,3,100.0,52,42,0,0,,3,3,100.0,0,0,,0,0.0,0.0,0.0,0,0,0,0,0
Matthijs de Ligt,DF,Netherlands,23-128,1999,1.0,41,45,91.1,846,264,14,16,87.5,18,19,94.7,9,9,100.0,0,0.0,0.0,0.0,0,4,0,0,2
Matty Cash,DF,Poland,25-133,1997,4.0,123,160,76.9,1995,696,65,71,91.5,51,64,79.7,6,17,35.3,0,0.2,0.5,-0.2,2,12,2,2,8
Mattéo Guendouzi,FW,France,23-248,1999,0.9,27,33,81.8,399,79,17,21,81.0,9,9,100.0,1,2,50.0,0,0.0,0.0,0.0,0,4,0,0,1
Matías Vecino,MF,Uruguay,31-116,1991,2.2,76,106,71.7,1189,296,42,54,77.8,23,33,69.7,8,8,100.0,0,0.0,0.0,0.0,0,8,0,0,9
Matías Viña,DF,Uruguay,25-039,1997,0.2,11,21,52.4,148,44,6,9,66.7,5,8,62.5,0,2,0.0,0,0.0,0.0,0.0,0,0,0,0,1
Maxi Gómez,FW,Uruguay,26-126,1996,0.3,5,7,71.4,85,9,1,2,50.0,4,5,80.0,0,0,,0,0.0,0.0,0.0,0,0,1,0,1
Maya Yoshida,DF,Japan,34-116,1988,4.3,198,232,85.3,3969,1370,64,69,92.8,108,114,94.7,25,45,55.6,1,0.4,0.0,+0.6,1,3,0,0,6
Mehdi Taremi,FW,IR Iran,30-153,1992,3.0,58,78,74.4,956,157,22,29,75.9,26,32,81.3,6,8,75.0,1,0.7,0.1,+0.3,9,8,0,0,4
Mehdi Torabi,MF,IR Iran,28-099,1994,0.7,30,37,81.1,421,168,19,21,90.5,9,12,75.0,1,1,100.0,0,0.6,0.2,-0.6,3,5,0,0,6
Memphis,FW,Netherlands,28-308,1994,3.3,93,123,75.6,1277,233,58,68,85.3,21,30,70.0,7,10,70.0,0,0.5,0.4,-0.5,3,6,2,0,4
Meshaal Barsham,GK,Qatar,24-307,1998,2.0,45,63,71.4,968,715,15,15,100.0,15,16,93.8,11,27,40.7,0,0.0,0.0,0.0,1,0,0,0,0
Michael Estrada,FW,Ecuador,26-255,1996,2.5,28,50,56.0,480,138,13,22,59.1,11,16,68.8,3,4,75.0,0,0.0,0.4,0.0,1,6,2,0,7
Michał Skóraś,MF,Poland,22-306,2000,0.5,8,9,88.9,127,4,1,2,50.0,6,6,100.0,0,0,,0,0.0,0.0,0.0,0,0,0,0,0
Michel Aebischer,MF,Switzerland,25-346,1997,0.2,2,4,50.0,23,0,2,2,100.0,0,1,0.0,0,0,,0,0.0,0.0,0.0,0,0,0,0,0
Michy Batshuayi,FW,Belgium,29-077,1993,1.7,16,24,66.7,223,27,11,16,68.8,1,3,33.3,3,3,100.0,0,0.1,0.0,-0.1,1,1,0,0,1
Miki Yamane,DF,Japan,28-361,1993,0.7,24,33,72.7,371,164,12,12,100.0,11,17,64.7,1,2,50.0,0,0.1,0.1,-0.1,1,4,2,0,5
Mikkel Damsgaard,MF,Denmark,22-168,2000,1.7,55,72,76.4,833,251,32,40,80.0,16,21,76.2,4,7,57.1,0,0.3,0.2,-0.3,2,9,3,2,5
Milad Mohammadi,DF,IR Iran,29-080,1993,2.2,44,68,64.7,674,283,20,21,95.2,19,29,65.5,2,8,25.0,0,0.0,0.0,0.0,0,1,0,0,2
Milan Borjan,GK,Canada,35-056,1987,3.0,76,98,77.6,1825,1254,19,19,100.0,39,40,97.5,18,38,47.4,0,0.0,0.0,0.0,0,1,0,0,0
Miloš Degenek,DF,Australia,28-234,1994,2.0,67,101,66.3,1236,532,28,33,84.8,33,45,73.3,6,19,31.6,0,0.0,0.0,0.0,0,3,0,0,2
Miloš Veljković,DF,Serbia,27-083,1995,2.5,98,112,87.5,2106,647,18,20,90.0,68,70,97.1,11,17,64.7,0,0.0,0.0,0.0,0,1,0,0,3
Mislav Oršić,FW,Croatia,29-354,1992,1.8,40,54,74.1,478,160,28,32,87.5,10,15,66.7,0,3,0.0,2,1.1,0.6,+0.9,5,2,4,0,5
Mitchell Duke,FW,Australia,31-334,1991,3.0,36,63,57.1,448,117,23,33,69.7,7,16,43.8,2,4,50.0,0,0.0,0.0,0.0,1,2,0,0,1
Mohamed Ali Ben Romdhane,MF,Tunisia,23-103,1999,0.8,14,21,66.7,217,22,7,11,63.6,7,7,100.0,0,0,,0,0.0,0.0,0.0,0,3,0,0,0
Mohamed Dräger,DF,Tunisia,26-176,1996,1.5,36,50,72.0,678,265,12,16,75.0,19,23,82.6,5,9,55.6,0,0.0,0.1,0.0,1,1,1,1,4
Mohamed Kanno,MF,Saudi Arabia,28-087,1994,3.0,119,147,81.0,1814,535,61,72,84.7,40,45,88.9,9,15,60.0,0,0.0,0.1,0.0,0,15,2,0,11
Mohammed Al-Breik,DF,Saudi Arabia,30-094,1992,0.7,39,48,81.3,627,254,22,25,88.0,13,14,92.9,3,8,37.5,0,0.0,0.1,0.0,1,5,1,0,6
Mohammed Al-Owais,GK,Saudi Arabia,31-069,1991,3.0,57,100,57.0,1829,1286,7,7,100.0,29,29,100.0,21,64,32.8,0,0.0,0.0,0.0,0,0,0,0,0
Mohammed Muntari,FW,Qatar,28-363,1993,0.7,17,19,89.5,209,25,6,7,85.7,7,8,87.5,0,0,,0,0.0,0.0,0.0,1,0,0,0,0
Mohammed Salisu,DF,Ghana,23-245,1999,3.0,109,151,72.2,1864,846,51,57,89.5,49,60,81.7,8,31,25.8,0,0.2,0.3,-0.2,2,8,1,0,8
Mohammed Waad,MF,Qatar,23-091,1999,0.3,9,12,75.0,185,28,6,8,75.0,1,1,100.0,2,2,100.0,0,0.0,0.0,0.0,0,0,0,0,0
Moisés Caicedo,MF,Ecuador,21-046,2001,3.0,126,153,82.4,1613,417,83,95,87.4,36,43,83.7,1,5,20.0,0,0.0,0.0,0.0,0,12,1,0,7
Montassar Talbi,DF,Tunisia,24-206,1998,3.0,118,137,86.1,2488,843,29,35,82.9,76,82,92.7,12,18,66.7,0,0.0,0.0,0.0,0,11,2,0,11
Morteza Pouraliganji,DF,IR Iran,30-243,1992,3.0,92,128,71.9,1965,685,18,26,69.2,60,71,84.5,13,27,48.1,0,0.2,0.2,-0.2,2,6,1,0,7
Moumi Ngamaleu,FW,Cameroon,28-162,1994,1.1,21,25,84.0,286,91,14,15,93.3,7,9,77.8,0,0,,0,0.2,0.1,-0.2,1,3,0,0,2
Munir,GK,Morocco,33-222,1989,1.0,19,28,67.9,597,413,2,2,100.0,10,10,100.0,7,16,43.8,0,0.0,0.0,0.0,0,0,0,0,0
Musab Kheder,DF,Qatar,29-083,1993,0.1,3,3,100.0,89,30,0,0,,2,2,100.0,1,1,100.0,0,0.0,0.0,0.0,0,0,0,0,0
Na Sang-ho,FW,Korea Republic,26-128,1996,1.3,24,37,64.9,375,68,13,16,81.3,8,10,80.0,2,4,50.0,0,0.1,0.1,-0.1,3,2,2,1,2
Nader Ghandri,DF,Tunisia,27-303,1995,1.0,27,33,81.8,561,204,5,6,83.3,19,21,90.5,3,5,60.0,0,0.0,0.0,0.0,0,0,0,0,1
Nahuel Molina,DF,Argentina,24-256,1998,6.3,291,358,81.3,3905,1347,188,221,85.1,77,94,81.9,16,23,69.6,1,0.3,0.3,+0.7,3,17,3,1,11
Nampalys Mendy,MF,Senegal,30-178,1992,3.0,141,159,88.7,2662,472,58,64,90.6,55,58,94.8,21,27,77.8,0,0.0,0.1,0.0,1,13,2,1,6
Nasser Al-Dawsari,FW,Saudi Arabia,23-364,1998,0.1,11,11,100.0,169,46,7,7,100.0,3,3,100.0,1,1,100.0,0,0.1,0.1,-0.1,1,1,1,1,0
Nathan Aké,DF,Netherlands,27-303,1995,5.3,315,349,90.3,5204,1703,154,165,93.3,138,144,95.8,20,33,60.6,0,0.0,0.1,0.0,0,29,1,0,19
Nathaniel Atkinson,DF,Australia,23-188,1999,0.9,27,34,79.4,396,108,15,17,88.2,10,12,83.3,1,4,25.0,0,0.0,0.0,0.0,0,1,0,0,3
Nawaf Al Abed,MF,Saudi Arabia,32-326,1990,1.0,33,39,84.6,458,60,23,24,95.8,7,10,70.0,1,2,50.0,0,0.1,0.0,-0.1,1,2,0,0,0
Nayef Aguerd,DF,Morocco,26-263,1996,3.9,137,158,86.7,2659,996,53,57,93.0,64,68,94.1,20,31,64.5,0,0.0,0.0,0.0,1,3,0,0,3
Naïm Sliti,MF,Tunisia,30-144,1992,1.3,29,51,56.9,557,202,11,17,64.7,12,16,75.0,5,16,31.3,0,0.1,0.1,-0.1,2,3,3,1,8
Neco Williams,DF,Wales,21-249,2001,2.3,69,101,68.3,1178,388,35,39,89.7,26,36,72.2,7,17,41.2,0,0.1,0.0,-0.1,1,5,0,0,4
Nemanja Gudelj,MF,Serbia,31-032,1991,1.0,44,52,84.6,755,229,23,24,95.8,18,23,78.3,3,4,75.0,0,0.0,0.0,0.0,0,1,0,0,3
Nemanja Maksimović,MF,Serbia,27-326,1995,1.4,50,57,87.7,673,181,31,31,100.0,18,22,81.8,0,2,0.0,0,0.1,0.1,-0.1,3,5,2,2,0
Nemanja Radonjić,DF,Serbia,26-306,1996,0.7,15,24,62.5,236,74,8,10,80.0,4,7,57.1,1,2,50.0,0,0.0,0.0,0.0,1,0,1,1,1
Neymar,MF,Brazil,30-316,1992,3.1,121,153,79.1,1795,627,62,76,81.6,45,53,84.9,7,13,53.8,0,0.8,0.5,-0.8,6,16,4,0,14
Niclas Füllkrug,FW,Germany,29-312,1993,0.8,15,24,62.5,181,43,7,9,77.8,4,6,66.7,1,2,50.0,1,0.6,0.2,+0.4,1,1,0,0,1
Nico Elvedi,DF,Switzerland,26-079,1996,2.0,131,142,92.3,2283,673,56,60,93.3,68,70,97.1,6,8,75.0,0,0.0,0.0,0.0,0,2,0,0,6
Nico Schlotterbeck,DF,Germany,23-017,1999,1.0,110,123,89.4,1895,548,42,42,100.0,59,60,98.3,6,16,37.5,0,0.1,0.1,-0.1,2,10,2,0,7
Nico Williams,FW,Spain,20-159,2002,1.6,50,63,79.4,822,74,25,28,89.3,19,24,79.2,4,6,66.7,0,0.0,0.1,0.0,0,1,2,0,3
Nicola Zalewski,MF,Poland,20-329,2002,0.7,15,17,88.2,280,54,3,4,75.0,10,11,90.9,1,1,100.0,0,0.0,0.0,0.0,0,0,1,1,1
Nicolas Jackson,FW,Senegal,21-181,2001,0.2,9,10,90.0,124,30,5,6,83.3,3,3,100.0,0,0,,0,0.0,0.0,0.0,0,0,0,0,0
Nicolas Nkoulou,DF,Cameroon,32-266,1990,2.0,79,91,86.8,1510,572,30,31,96.8,39,43,90.7,9,15,60.0,1,0.0,0.0,+1.0,0,1,0,0,1
Nicolás De La Cruz,MF,Uruguay,25-200,1997,0.4,20,25,80.0,316,85,11,11,100.0,6,8,75.0,3,4,75.0,0,0.0,0.0,0.0,0,3,1,0,2
Nicolás Otamendi,DF,Argentina,34-309,1988,7.7,532,577,92.2,8827,2912,236,250,94.4,266,284,93.7,25,35,71.4,1,0.2,0.2,+0.8,2,20,0,0,22
Nicolás Tagliafico,DF,Argentina,30-109,1992,4.1,145,178,81.5,1992,509,98,109,89.9,40,47,85.1,5,12,41.7,0,0.2,0.2,-0.2,2,7,1,0,5
Niklas Süle,DF,Germany,27-106,1995,3.0,231,255,90.6,3990,1348,105,113,92.9,99,108,91.7,21,25,84.0,0,0.0,0.1,0.0,0,26,0,0,18
Nikola Milenković,DF,Serbia,25-067,1997,3.0,141,163,86.5,2363,823,69,73,94.5,55,62,88.7,16,23,69.6,0,0.0,0.0,0.0,0,10,0,0,6
Nikola Vlašić,FW,Croatia,25-075,1997,2.3,45,55,81.8,570,94,27,27,100.0,15,18,83.3,0,2,0.0,0,0.0,0.1,0.0,0,4,2,1,4
Noa Lang,MF,Netherlands,23-184,1999,0.1,1,3,33.3,5,6,1,2,50.0,0,1,0.0,0,0,,0,0.0,0.0,0.0,0,0,0,0,0
Noah Okafor,FW,Switzerland,22-208,2000,0.5,17,22,77.3,271,14,9,10,90.0,6,7,85.7,2,3,66.7,0,0.0,0.0,0.0,1,1,0,0,0
Nouhou Tolo,DF,Cameroon,25-178,1997,3.0,83,109,76.1,1368,510,44,47,93.6,33,44,75.0,6,14,42.9,0,0.0,0.0,0.0,0,5,1,1,6
Noussair Mazraoui,DF,Morocco,25-034,1997,4.1,98,121,81.0,1540,571,53,57,93.0,36,43,83.7,7,16,43.8,0,0.0,0.1,0.0,1,2,1,1,3
Nuno Mendes,DF,Portugal,20-182,2002,0.5,29,32,90.6,475,197,17,17,100.0,8,10,80.0,3,4,75.0,0,0.0,0.0,0.0,1,2,1,1,2
Néstor Araujo,DF,Mexico,31-111,1991,1.0,44,53,83.0,757,210,18,19,94.7,22,24,91.7,4,8,50.0,0,0.0,0.0,0.0,0,5,2,2,3
Olivier Giroud,FW,France,36-079,1986,4.7,48,74,64.9,637,148,37,50,74.0,9,18,50.0,1,2,50.0,0,0.1,0.3,-0.1,2,4,1,0,5
Olivier Ntcham,MF,Cameroon,26-312,1996,0.3,11,12,91.7,169,63,7,7,100.0,4,4,100.0,0,0,,0,0.0,0.0,0.0,1,3,1,0,4
Orbelín Pineda,MF,Mexico,26-269,1996,0.8,18,25,72.0,253,71,13,16,81.3,4,7,57.1,1,1,100.0,0,0.1,0.0,-0.1,1,5,0,0,3
Osman Bukari,MF,Ghana,24-005,1998,0.7,14,20,70.0,169,30,10,12,83.3,4,4,100.0,0,2,0.0,0,0.1,0.0,-0.1,1,0,0,0,1
Otávio,MF,Portugal,27-312,1995,2.2,98,127,77.2,1532,414,55,64,85.9,27,37,73.0,10,16,62.5,0,0.4,0.5,-0.4,4,10,7,2,12
Ousmane Dembélé,FW,France,25-217,1997,4.8,144,191,75.4,2330,475,76,89,85.4,51,63,81.0,12,25,48.0,2,1.6,1.0,+0.4,11,7,13,6,10
Pablo Sarabia,FW,Spain,30-221,1992,0.0,2,5,40.0,39,28,1,1,100.0,1,2,50.0,0,1,0.0,0,0.2,0.0,-0.2,2,0,1,1,0
Paik Seung-ho,MF,Korea Republic,25-276,1997,0.3,20,27,74.1,260,57,10,14,71.4,7,9,77.8,1,1,100.0,0,0.0,0.0,0.0,0,3,1,0,2
Pape Abou Cissé,DF,Senegal,27-095,1995,1.2,28,37,75.7,666,282,8,9,88.9,14,16,87.5,6,12,50.0,0,0.0,0.0,0.0,0,2,0,0,0
Pape Gueye,MF,Senegal,23-328,1999,1.7,45,62,72.6,811,205,23,27,85.2,13,15,86.7,9,14,64.3,0,0.2,0.1,-0.2,2,5,2,1,4
Pape Matar Sarr,MF,Senegal,20-095,2002,0.7,36,43,83.7,639,174,17,19,89.5,12,15,80.0,5,6,83.3,0,0.0,0.1,0.0,1,3,1,0,2
Papu Gómez,MF,Argentina,34-306,1988,1.2,53,60,88.3,671,74,40,43,93.0,11,12,91.7,2,2,100.0,0,0.0,0.0,0.0,0,2,0,0,2
Pathé Ciss,MF,Senegal,28-277,1994,1.6,46,57,80.7,816,255,19,23,82.6,17,21,81.0,5,5,100.0,0,0.0,0.0,0.0,0,6,1,0,8
Pau Torres,DF,Spain,25-336,1997,1.0,174,191,91.1,3177,815,51,54,94.4,111,120,92.5,11,14,78.6,0,0.0,0.0,0.0,0,11,0,0,3
Paulo Dybala,FW,Argentina,29-033,1993,0.2,8,12,66.7,100,35,4,7,57.1,3,4,75.0,0,0,,0,0.2,0.1,-0.2,1,0,1,0,2
Pedri,MF,Spain,20-023,2002,4.0,393,434,90.6,7400,1439,160,168,95.2,175,185,94.6,52,58,89.7,0,0.8,0.9,-0.8,5,71,6,0,33
Pedro,FW,Brazil,25-181,1997,0.7,10,13,76.9,100,10,6,9,66.7,2,2,100.0,0,0,,0,0.0,0.0,0.0,0,0,0,0,0
Pepe,DF,Portugal,39-295,1983,4.0,243,295,82.4,4602,1638,109,119,91.6,108,122,88.5,26,49,53.1,0,0.0,0.0,0.0,0,18,0,0,10
Pervis Estupiñán,DF,Ecuador,24-331,1998,3.0,148,190,77.9,2524,886,74,78,94.9,52,67,77.6,18,33,54.5,0,0.3,0.4,-0.3,5,8,4,3,10
Phil Foden,FW,England,22-204,2000,2.9,90,117,76.9,1444,292,57,67,85.1,23,27,85.2,7,16,43.8,2,0.6,0.4,+1.4,6,3,1,0,5
Piero Hincapié,DF,Ecuador,20-343,2002,3.0,168,200,84.0,3418,947,52,55,94.5,97,107,90.7,19,34,55.9,0,0.0,0.0,0.0,0,10,1,0,8
Pierre Højbjerg,MF,Denmark,27-135,1995,3.0,200,224,89.3,3784,1123,95,102,93.1,68,75,90.7,35,44,79.5,0,0.0,0.1,0.0,1,30,2,0,21
Pierre Kunde,MF,Cameroon,27-145,1995,1.5,38,49,77.6,751,264,17,20,85.0,12,14,85.7,7,11,63.6,0,0.1,0.2,-0.1,1,8,1,0,4
Piotr Zieliński,MF,Poland,28-212,1994,3.6,124,153,81.0,2125,676,54,59,91.5,52,60,86.7,11,24,45.8,0,0.4,0.4,-0.4,7,14,1,1,8
Przemysław Frankowski,MF,Poland,27-250,1995,2.7,49,74,66.2,729,228,26,33,78.8,18,22,81.8,2,8,25.0,0,0.2,0.1,-0.2,1,5,2,1,3
Rafael Leão,FW,Portugal,23-191,1999,1.0,32,47,68.1,412,92,21,23,91.3,7,13,53.8,2,7,28.6,0,0.2,0.2,-0.2,1,0,1,1,3
Raheem Sterling,FW,England,28-010,1994,1.7,45,55,81.8,644,96,21,23,91.3,21,25,84.0,0,2,0.0,1,0.1,0.1,+0.9,1,2,0,0,2
Ramin Rezaeian,DF,IR Iran,32-272,1990,2.0,73,105,69.5,1240,681,37,40,92.5,25,36,69.4,9,26,34.6,0,0.3,0.5,-0.3,3,2,4,1,5
Randal Kolo Muani,FW,France,24-013,1998,2.0,25,44,56.8,325,36,19,28,67.9,6,9,66.7,0,0,,0,0.0,0.0,0.0,0,2,0,0,0
Raphaël Guerreiro,DF,Portugal,28-361,1993,3.1,156,185,84.3,2301,856,87,95,91.6,56,68,82.4,8,14,57.1,2,0.6,0.7,+1.4,6,9,4,2,14
Raphaël Varane,DF,France,29-237,1993,5.8,256,286,89.5,5127,1468,78,85,91.8,155,162,95.7,23,38,60.5,0,0.0,0.0,0.0,0,20,0,0,5
Raphinha,FW,Brazil,26-004,1996,3.5,111,150,74.0,1916,435,53,59,89.8,43,59,72.9,12,22,54.5,1,1.3,0.9,-0.3,8,5,5,1,11
Rasmus Nissen,DF,Denmark,25-160,1997,2.5,137,179,76.5,1979,746,73,82,89.0,58,76,76.3,3,10,30.0,0,0.0,0.1,0.0,1,13,2,0,19
Raúl Jiménez,FW,Mexico,31-227,1991,0.7,20,32,62.5,312,110,12,18,66.7,4,5,80.0,3,4,75.0,0,0.0,0.0,0.0,0,3,1,0,3
Remo Freuler,MF,Switzerland,30-247,1992,3.6,127,154,82.5,1914,451,68,77,88.3,51,57,89.5,5,11,45.5,0,0.0,0.1,0.0,0,11,1,0,11
Renato Steffen,FW,Switzerland,31-045,1991,0.4,13,15,86.7,170,43,7,8,87.5,5,5,100.0,0,1,0.0,0,0.0,0.1,0.0,0,1,1,0,2
Ricardo Horta,FW,Portugal,28-094,1994,1.3,31,46,67.4,368,54,18,21,85.7,9,18,50.0,0,2,0.0,0,0.1,0.1,-0.1,1,1,1,0,2
Ricardo Rodríguez,DF,Switzerland,30-115,1992,4.0,164,229,71.6,2840,949,78,90,86.7,66,91,72.5,18,35,51.4,0,0.2,0.3,-0.2,2,18,2,0,10
Richarlison,FW,Brazil,25-222,1997,3.6,40,58,69.0,496,89,25,33,75.8,11,16,68.8,1,2,50.0,0,1.0,0.4,-1.0,6,2,3,0,3
Richie Laryea,DF,Canada,27-345,1995,1.8,35,47,74.5,586,125,18,22,81.8,11,16,68.8,3,3,100.0,0,0.5,0.3,-0.5,4,1,1,1,0
Riley McGree,FW,Australia,24-046,1998,2.9,57,75,76.0,800,191,31,37,83.8,19,25,76.0,3,5,60.0,1,0.6,0.3,+0.4,4,5,2,1,3
Ritsu Doan,FW,Japan,24-185,1998,2.4,36,56,64.3,625,195,22,28,78.6,7,11,63.6,6,10,60.0,0,0.2,0.4,-0.2,3,2,2,1,5
Riyadh Sharahili,MF,Saudi Arabia,29-234,1993,0.6,14,17,82.4,203,54,8,8,100.0,5,5,100.0,1,3,33.3,0,0.0,0.0,0.0,1,0,0,0,0
Roan Wilson,MF,Costa Rica,20-231,2002,0.0,4,4,100.0,52,0,4,4,100.0,0,0,,0,0,,0,0.0,0.0,0.0,0,0,0,0,0
Robert Lewandowski,FW,Poland,34-119,1988,4.0,61,91,67.0,859,177,36,47,76.6,20,27,74.1,3,6,50.0,1,0.4,0.4,+0.6,5,9,1,0,6
Robert Skov,DF,Denmark,26-212,1996,0.2,17,21,81.0,281,55,7,8,87.5,9,9,100.0,1,3,33.3,0,0.0,0.4,0.0,0,1,1,1,2
Roberto Alvarado,FW,Mexico,24-102,1998,0.2,5,10,50.0,50,5,4,6,66.7,1,4,25.0,0,0,,0,0.0,0.0,0.0,0,0,0,0,0
Rodri,DF,Spain,26-179,1996,4.3,642,689,93.2,12636,3349,172,180,95.6,416,435,95.6,50,68,73.5,0,0.2,0.2,-0.2,4,46,2,1,25
Rodrigo Bentancur,MF,Uruguay,25-176,1997,2.4,136,160,85.0,2417,762,62,70,88.6,56,66,84.8,14,17,82.4,0,0.1,0.1,-0.1,2,16,1,1,11
Rodrigo De Paul,MF,Argentina,28-208,1994,6.7,470,562,83.6,6959,1454,281,306,91.8,164,192,85.4,18,38,47.4,0,0.3,0.4,-0.3,7,35,7,1,18
Rodrygo,MF,Brazil,21-343,2001,2.0,91,113,80.5,1201,240,53,61,86.9,28,34,82.4,4,10,40.0,1,0.4,0.6,+0.6,6,4,3,0,7
Rogelio Funes Mori,FW,Mexico,31-288,1991,0.1,0,0,,0,0,0,0,,0,0,,0,0,,0,0.0,0.0,0.0,0,0,0,0,0
Romain Saïss,DF,Morocco,32-267,1990,5.2,159,199,79.9,3400,1479,44,47,93.6,89,102,87.3,24,46,52.2,0,0.0,0.0,0.0,0,8,1,0,7
Romario Ibarra,MF,Ecuador,28-085,1994,0.8,10,14,71.4,121,32,7,11,63.6,2,2,100.0,0,0,,0,0.0,0.0,0.0,0,1,0,0,0
Romelu Lukaku,FW,Belgium,29-219,1993,0.6,6,9,66.7,67,0,5,6,83.3,1,3,33.3,0,0,,0,0.0,0.1,0.0,1,0,0,0,0
Roozbeh Cheshmi,DF,IR Iran,29-147,1993,0.6,7,11,63.6,125,33,2,3,66.7,5,7,71.4,0,1,0.0,0,0.0,0.0,0.0,0,0,0,0,0
Ruben Vargas,FW,Switzerland,24-135,1998,3.2,80,117,68.4,1111,305,50,57,87.7,25,40,62.5,3,9,33.3,1,0.6,0.7,+0.4,5,4,1,0,5
Rubin Colwill,MF,Wales,20-235,2002,0.1,2,4,50.0,26,12,2,2,100.0,0,0,,0,2,0.0,0,0.0,0.0,0.0,0,0,0,0,0
Ró-Ró,DF,Qatar,32-134,1990,2.9,78,108,72.2,1324,355,47,51,92.2,25,31,80.6,5,19,26.3,0,0.0,0.1,0.0,0,4,2,0,4
Rónald Matarrita,DF,Costa Rica,28-162,1994,0.3,18,29,62.1,298,173,10,11,90.9,6,12,50.0,2,4,50.0,0,0.0,0.0,0.0,0,2,0,0,0
Rúben Dias,DF,Portugal,25-218,1997,4.0,248,274,90.5,4633,1508,85,89,95.5,138,145,95.2,22,35,62.9,0,0.0,0.0,0.0,0,13,0,0,11
Rúben Neves,MF,Portugal,25-280,1997,3.0,235,257,91.4,4772,1089,84,84,100.0,112,118,94.9,37,46,80.4,0,0.0,0.1,0.0,2,23,2,0,13
Saad Al Sheeb,GK,Qatar,32-302,1990,1.0,18,20,90.0,409,287,5,5,100.0,8,8,100.0,4,6,66.7,0,0.0,0.0,0.0,0,0,0,0,0
Sadegh Moharrami,DF,IR Iran,26-292,1996,1.0,18,26,69.2,204,92,14,14,100.0,3,9,33.3,0,0,,0,0.0,0.0,0.0,0,0,0,0,0
Saeid Ezatolahi,MF,IR Iran,26-078,1996,2.4,66,88,75.0,1382,474,26,30,86.7,25,34,73.5,14,22,63.6,0,0.2,0.4,-0.2,2,7,4,1,4
Saleh Al-Shehri,FW,Saudi Arabia,29-047,1993,2.5,29,47,61.7,351,40,15,20,75.0,7,11,63.6,2,2,100.0,0,0.1,0.0,-0.1,2,4,0,0,0
Salem Al-Dawsari,MF,Saudi Arabia,31-121,1991,3.0,86,111,77.5,1344,355,44,52,84.6,25,29,86.2,9,14,64.3,0,0.2,0.4,-0.2,6,11,6,0,11
Salis Abdul Samed,MF,Ghana,22-267,2000,2.8,129,145,89.0,2046,466,70,70,100.0,49,54,90.7,9,15,60.0,0,0.0,0.1,0.0,1,11,0,0,2
Salman Al-Faraj,MF,Saudi Arabia,33-139,1989,0.5,12,16,75.0,174,65,8,8,100.0,3,4,75.0,1,2,50.0,0,0.0,0.0,0.0,0,0,1,1,0
Sam Adekugbe,DF,Canada,27-336,1995,1.1,63,71,88.7,1003,311,31,33,93.9,27,28,96.4,4,7,57.1,0,0.1,0.1,-0.1,1,4,2,2,4
Saman Ghoddos,MF,IR Iran,29-103,1993,0.5,15,20,75.0,193,39,10,10,100.0,5,6,83.3,0,3,0.0,0,0.0,0.0,0.0,1,0,0,0,2
Sami Al-Najei,MF,Saudi Arabia,25-314,1997,0.5,13,21,61.9,200,64,8,10,80.0,3,7,42.9,1,3,33.3,0,0.0,0.2,0.0,0,0,0,0,0
Samuel Oum Gouet,MF,Cameroon,25-005,1997,1.1,52,59,88.1,884,306,23,23,100.0,20,22,90.9,6,11,54.5,0,0.0,0.0,0.0,0,6,0,0,3
Sardar Azmoun,FW,IR Iran,27-351,1995,1.4,18,30,60.0,225,85,8,14,57.1,7,8,87.5,0,1,0.0,0,0.1,0.2,-0.1,1,3,1,0,2
Saud Abdulhamid,DF,Saudi Arabia,23-153,1999,3.0,88,122,72.1,1395,541,40,46,87.0,38,54,70.4,6,11,54.5,0,0.0,0.1,0.0,2,9,4,1,11
Saša Lukić,MF,Serbia,26-127,1996,2.7,143,162,88.3,2488,505,60,67,89.6,70,76,92.1,10,13,76.9,0,0.0,0.1,0.0,0,12,1,1,5
Sebastian Szymański,MF,Poland,23-222,1999,1.5,26,41,63.4,442,138,14,20,70.0,9,12,75.0,2,3,66.7,0,0.0,0.1,0.0,0,3,0,0,2
Sebastián Coates,DF,Uruguay,32-072,1990,2.0,76,93,81.7,1425,583,33,38,86.8,31,35,88.6,12,18,66.7,0,0.0,0.0,0.0,0,10,0,0,7
Selim Amallah,MF,Morocco,26-033,1996,4.5,65,87,74.7,840,176,42,48,87.5,17,23,73.9,3,9,33.3,0,0.1,0.1,-0.1,3,4,2,0,4
Serge Gnabry,FW,Germany,27-157,1995,2.9,86,118,72.9,1060,281,56,72,77.8,21,25,84.0,3,3,100.0,1,1.5,0.7,-0.5,6,1,4,3,3
Sergej Milinković-Savić,MF,Serbia,27-294,1995,2.6,87,120,72.5,1467,405,44,55,80.0,33,41,80.5,8,16,50.0,0,0.0,0.2,0.0,0,9,2,0,10
Sergio Busquets,MF,Spain,34-155,1988,4.0,261,289,90.3,4222,1044,124,136,91.2,111,118,94.1,16,20,80.0,0,0.1,0.2,-0.1,3,31,3,0,17
Sergio Rochet,GK,Uruguay,29-270,1993,3.0,54,78,69.2,1262,1003,17,17,100.0,27,28,96.4,10,33,30.3,0,0.0,0.0,0.0,0,0,0,0,0
Sergiño Dest,DF,United States,22-045,2000,3.4,172,200,86.0,2635,848,101,105,96.2,60,67,89.6,8,15,53.3,1,0.5,0.5,+0.5,3,15,2,1,13
Shaquell Moore,DF,United States,26-046,1996,0.2,14,21,66.7,218,85,9,11,81.8,4,6,66.7,1,4,25.0,0,0.0,0.0,0.0,0,1,0,0,0
Shogo Taniguchi,DF,Japan,31-156,1991,2.3,72,85,84.7,1299,480,40,42,95.2,23,27,85.2,9,14,64.3,0,0.0,0.0,0.0,0,10,0,0,2
Shūichi Gonda,GK,Japan,33-290,1989,4.3,68,113,60.2,1770,1301,20,20,100.0,32,33,97.0,16,59,27.1,0,0.0,0.0,0.0,0,1,0,0,0
Silvan Widmer,DF,Switzerland,29-288,1993,2.9,127,169,75.1,2070,814,62,70,88.6,53,70,75.7,10,20,50.0,1,0.8,0.9,+0.2,2,12,3,2,10
Simon Kjær,DF,Denmark,33-267,1989,0.7,50,59,84.7,989,462,20,24,83.3,25,28,89.3,5,7,71.4,0,0.0,0.0,0.0,0,3,1,0,4
Sofiane Boufal,FW,Morocco,29-092,1993,5.3,99,133,74.4,1645,469,58,71,81.7,25,36,69.4,12,17,70.6,0,0.3,0.5,-0.3,4,10,6,2,14
Sofyan Amrabat,MF,Morocco,26-119,1996,7.3,269,322,83.5,4620,1365,114,129,88.4,123,136,90.4,24,36,66.7,0,0.1,0.1,-0.1,2,10,1,0,16
Son Heung-min,FW,Korea Republic,30-163,1992,4.0,77,115,67.0,1199,263,41,46,89.1,26,37,70.3,7,21,33.3,1,1.0,0.7,0.0,7,1,3,1,3
Son Jun-ho,MF,Korea Republic,30-220,1992,0.8,55,59,93.2,1190,408,21,22,95.5,23,24,95.8,11,13,84.6,0,0.0,0.0,0.0,0,10,0,0,5
Sorba Thomas,MF,Wales,23-118,1999,0.0,3,4,75.0,64,24,0,0,,1,1,100.0,1,2,50.0,0,0.0,0.0,0.0,0,0,1,1,0
Srđan Babić,DF,Serbia,26-240,1996,0.1,10,16,62.5,231,66,2,4,50.0,5,6,83.3,3,6,50.0,0,0.0,0.0,0.0,0,0,0,0,0
Stefan Mitrović,DF,Serbia,32-210,1990,0.4,18,21,85.7,313,111,7,8,87.5,8,9,88.9,2,3,66.7,0,0.0,0.0,0.0,0,0,0,0,0
Stephen Eustáquio,MF,Canada,25-362,1996,1.4,83,93,89.2,1443,497,40,41,97.6,29,29,100.0,12,17,70.6,0,0.2,0.3,-0.2,2,8,3,0,10
Steve Mandanda,GK,France,37-265,1985,1.0,19,31,61.3,414,303,2,2,100.0,15,15,100.0,2,14,14.3,0,0.0,0.0,0.0,0,0,0,0,0
Steven Berghuis,MF,Netherlands,30-364,1991,2.2,97,131,74.0,1789,507,41,51,80.4,33,44,75.0,17,24,70.8,1,0.1,0.2,+0.9,2,17,2,1,8
Steven Bergwijn,FW,Netherlands,25-071,1997,2.4,64,72,88.9,679,79,46,51,90.2,10,11,90.9,2,3,66.7,0,0.0,0.3,0.0,0,2,1,0,2
Steven Vitória,DF,Canada,35-341,1987,3.0,160,186,86.0,2837,1119,77,83,92.8,66,70,94.3,16,30,53.3,0,0.0,0.0,0.0,0,8,0,0,8
Strahinja Pavlović,DF,Serbia,21-208,2001,2.6,121,156,77.6,1987,944,55,66,83.3,54,66,81.8,8,17,47.1,0,0.0,0.1,0.0,0,15,0,0,13
Sultan Al-Ghanam,DF,Saudi Arabia,28-226,1994,1.4,34,52,65.4,489,245,23,27,85.2,9,14,64.3,2,8,25.0,0,0.1,0.1,-0.1,1,0,2,2,5
Taha Yassine Khenissi,FW,Tunisia,30-346,1992,0.3,2,6,33.3,27,0,1,1,100.0,1,2,50.0,0,0,,0,0.1,0.0,-0.1,1,1,0,0,0
Tajon Buchanan,MF,Canada,23-313,1999,2.9,61,89,68.5,806,261,40,47,85.1,18,27,66.7,1,8,12.5,1,0.5,0.5,+0.5,4,5,4,2,7
Takefusa Kubo,FW,Japan,21-197,2001,1.0,6,11,54.5,87,23,4,6,66.7,2,5,40.0,0,0,,0,0.0,0.0,0.0,0,0,1,0,1
Takehiro Tomiyasu,DF,Japan,24-043,1998,2.1,73,103,70.9,1188,500,36,43,83.7,32,41,78.0,4,18,22.2,0,0.2,0.1,-0.2,3,6,2,0,4
Takuma Asano,FW,Japan,28-038,1994,1.8,21,28,75.0,227,44,12,15,80.0,4,6,66.7,1,1,100.0,0,0.2,0.0,-0.2,2,3,0,0,0
Takumi Minamino,FW,Japan,27-336,1995,0.7,14,22,63.6,200,34,9,11,81.8,4,5,80.0,1,5,20.0,0,0.0,0.0,0.0,0,0,1,1,0
Tarek Salman,DF,Qatar,25-013,1997,0.1,7,10,70.0,122,34,3,3,100.0,4,4,100.0,0,2,0.0,0,0.0,0.0,0.0,0,1,0,0,0
Tariq Lamptey,DF,Ghana,22-079,2000,1.1,21,34,61.8,315,88,11,13,84.6,10,16,62.5,0,4,0.0,0,0.0,0.0,0.0,0,0,2,1,2
Teun Koopmeiners,MF,Netherlands,24-293,1998,2.4,90,119,75.6,1448,490,47,53,88.7,36,42,85.7,6,11,54.5,1,0.2,0.1,+0.8,2,9,0,0,6
Theo Hernández,DF,France,25-073,1997,5.6,289,339,85.3,4672,1347,156,169,92.3,105,119,88.2,25,39,64.1,2,1.2,1.0,+0.8,11,23,7,5,16
Thiago Almada,MF,Argentina,21-236,2001,0.1,13,13,100.0,207,26,5,5,100.0,7,7,100.0,0,0,,0,0.2,0.1,-0.2,1,0,1,0,1
Thiago Silva,DF,Brazil,38-087,1984,4.3,322,344,93.6,6145,2410,115,120,95.8,174,181,96.1,32,39,82.1,1,0.9,0.6,+0.1,4,15,3,1,15
Thibaut Courtois,GK,Belgium,30-221,1992,3.0,108,123,87.8,2642,1731,20,20,100.0,66,66,100.0,22,37,59.5,0,0.0,0.0,0.0,0,2,0,0,0
Thilo Kehrer,DF,Germany,26-088,1996,0.8,22,29,75.9,356,155,12,15,80.0,7,9,77.8,2,2,100.0,0,0.0,0.0,0.0,0,1,0,0,1
Thomas Delaney,MF,Denmark,31-106,1991,0.5,24,29,82.8,394,73,11,12,91.7,11,13,84.6,1,2,50.0,0,0.0,0.0,0.0,0,3,0,0,1
Thomas Meunier,DF,Belgium,31-097,1991,2.3,110,147,74.8,2169,632,37,44,84.1,58,70,82.9,15,28,53.6,0,0.5,0.0,-0.5,3,8,2,0,9
Thomas Müller,FW,Germany,33-096,1989,2.2,56,78,71.8,722,184,35,44,79.5,14,19,73.7,2,4,50.0,0,0.6,0.5,-0.6,8,2,4,1,6
Thomas Partey,MF,Ghana,29-188,1993,3.0,146,176,83.0,2483,822,67,76,88.2,58,65,89.2,16,25,64.0,0,0.1,0.2,-0.1,2,18,2,0,14
Thorgan Hazard,FW,Belgium,29-264,1993,1.2,40,58,69.0,764,231,14,21,66.7,20,23,87.0,4,8,50.0,0,1.3,0.8,-1.3,6,2,1,0,4
Tim Ream,DF,United States,35-074,1987,4.0,245,276,88.8,5012,1646,66,70,94.3,153,163,93.9,25,37,67.6,0,0.0,0.0,0.0,0,18,0,0,17
Timothy Castagne,DF,Belgium,27-013,1995,3.0,176,202,87.1,3309,951,65,68,95.6,92,107,86.0,18,21,85.7,0,0.0,0.1,0.0,0,15,0,0,9
Timothy Weah,FW,United States,22-299,2000,3.5,90,108,83.3,1291,206,58,67,86.6,21,23,91.3,7,10,70.0,0,0.4,0.2,-0.4,6,6,2,2,4
Toby Alderweireld,DF,Belgium,33-291,1989,3.0,248,273,90.8,5259,1904,58,60,96.7,166,172,96.5,24,39,61.5,1,0.3,0.4,+0.7,1,17,2,0,10
Trent Alexander-Arnold,DF,England,24-072,1998,0.4,21,23,91.3,361,167,8,8,100.0,13,13,100.0,0,1,0.0,0,0.0,0.0,0.0,0,0,1,0,3
Tyler Adams,MF,United States,23-307,1999,4.0,241,271,88.9,4348,1095,111,121,91.7,103,110,93.6,24,27,88.9,0,0.4,0.4,-0.4,2,23,3,0,17
Unai Simón,GK,Spain,25-190,1997,4.3,150,160,93.8,3167,2017,38,38,100.0,92,95,96.8,20,27,74.1,0,0.0,0.0,0.0,0,0,0,0,1
Uriel Antuna,FW,Mexico,25-119,1997,0.9,12,20,60.0,169,43,8,10,80.0,3,4,75.0,1,2,50.0,0,0.0,0.1,0.0,1,0,1,1,0
Vanja Milinković-Savić,GK,Serbia,25-301,1997,3.0,90,125,72.0,2523,1707,11,11,100.0,57,58,98.3,22,56,39.3,0,0.0,0.0,0.0,0,4,0,0,0
Victor Nelsson,DF,Denmark,24-065,1998,1.0,69,74,93.2,1263,355,24,25,96.0,40,42,95.2,4,5,80.0,0,0.0,0.0,0.0,0,8,0,0,11
Vincent Aboubakar,FW,Cameroon,30-330,1992,1.6,20,31,64.5,343,53,9,13,69.2,7,13,53.8,3,3,100.0,1,0.6,0.3,+0.4,2,2,0,0,2
Vincent Janssen,FW,Netherlands,28-186,1994,1.0,16,20,80.0,191,21,11,14,78.6,4,4,100.0,0,0,,0,0.0,0.0,0.0,1,2,2,0,2
Vinicius Júnior,FW,Brazil,22-159,2000,3.3,68,90,75.6,853,146,46,52,88.5,20,28,71.4,1,4,25.0,2,0.7,0.8,+1.3,8,5,3,0,3
Virgil van Dijk,DF,Netherlands,31-163,1991,5.3,311,356,87.4,6371,2470,94,102,92.2,179,194,92.3,38,57,66.7,0,0.1,0.1,-0.1,2,7,1,0,15
Vitinha,MF,Portugal,22-308,2000,1.3,100,108,92.6,1762,378,51,54,94.4,36,39,92.3,12,13,92.3,0,0.0,0.1,0.0,1,15,2,0,9
Wahbi Khazri,FW,Tunisia,31-313,1991,0.9,13,20,65.0,268,113,4,5,80.0,6,6,100.0,2,6,33.3,0,0.0,0.0,0.0,0,3,1,0,2
Wajdi Kechrida,DF,Tunisia,27-043,1995,1.2,44,69,63.8,741,338,20,25,80.0,21,26,80.8,3,10,30.0,0,0.1,0.1,-0.1,1,3,2,0,4
Walid Cheddira,FW,Morocco,24-330,1998,0.7,4,8,50.0,51,28,4,4,100.0,0,3,0.0,0,0,,0,0.0,0.0,0.0,0,1,0,0,1
Walker Zimmerman,DF,United States,29-213,1993,3.1,217,244,88.9,4157,1373,72,78,92.3,127,132,96.2,17,29,58.6,0,0.0,0.0,0.0,0,6,0,0,3
Wataru Endo,MF,Japan,29-312,1993,3.4,155,192,80.7,2423,599,80,86,93.0,64,77,83.1,7,16,43.8,0,0.5,0.4,-0.5,4,12,2,1,9
Wayne Hennessey,GK,Wales,35-328,1987,1.9,50,66,75.8,1375,948,8,8,100.0,22,22,100.0,18,34,52.9,0,0.0,0.0,0.0,0,0,0,0,0
Weston McKennie,MF,United States,24-112,1998,3.0,117,153,76.5,2166,770,52,63,82.5,48,57,84.2,13,21,61.9,0,0.4,0.2,-0.4,4,16,5,1,17
William Carvalho,MF,Portugal,30-255,1992,2.4,156,170,91.8,2574,869,81,85,95.3,64,67,95.5,9,13,69.2,0,0.0,0.0,0.0,0,8,0,0,11
William Saliba,DF,France,21-269,2001,0.3,37,37,100.0,640,217,12,12,100.0,24,24,100.0,1,1,100.0,0,0.0,0.0,0.0,1,2,0,0,1
Wojciech Szczęsny,GK,Poland,32-244,1990,4.0,84,142,59.2,3118,2632,10,10,100.0,31,31,100.0,43,101,42.6,0,0.0,0.0,0.0,0,7,0,0,0
Wout Weghorst,FW,Netherlands,30-133,1992,0.7,9,15,60.0,115,32,4,6,66.7,2,6,33.3,1,1,100.0,0,0.0,0.0,0.0,1,0,0,0,2
Wéverton,GK,Brazil,35-005,1987,0.1,3,5,60.0,145,126,0,0,,0,0,,3,5,60.0,0,0.0,0.0,0.0,0,0,0,0,0
Xavi Simons,FW,Netherlands,19-241,2003,0.1,6,10,60.0,89,36,4,7,57.1,2,2,100.0,0,0,,0,0.0,0.1,0.0,0,0,2,0,3
Xherdan Shaqiri,FW,Switzerland,31-069,1991,2.5,67,104,64.4,981,337,38,43,88.4,21,30,70.0,4,17,23.5,1,0.9,1.0,+0.1,4,7,4,0,11
Yahya Attiat Allah,DF,Morocco,27-291,1995,3.5,98,137,71.5,1593,728,46,54,85.2,41,56,73.2,9,18,50.0,1,1.2,0.3,-0.2,5,4,4,4,4
Yahya Jabrane,MF,Morocco,31-183,1991,0.2,,,,,,,,,,,,,,,0,,,,,,,,
Yann Sommer,GK,Switzerland,34-001,1988,3.0,108,118,91.5,2284,1327,27,27,100.0,64,65,98.5,16,25,64.0,0,0.0,0.0,0.0,0,0,0,0,0
Yannick Carrasco,FW,Belgium,29-105,1993,1.3,39,46,84.8,553,110,22,24,91.7,17,20,85.0,0,1,0.0,0,0.0,0.0,0.0,0,0,1,0,3
Yasser Al-Shahrani,DF,Saudi Arabia,30-207,1992,1.0,13,29,44.8,221,123,6,8,75.0,6,14,42.9,1,6,16.7,0,0.0,0.0,0.0,0,1,0,0,2
Yassine Bounou,GK,Morocco,31-257,1991,6.3,154,209,73.7,4346,3101,29,29,100.0,82,84,97.6,43,94,45.7,0,0.0,0.0,0.0,0,0,0,0,0
Yassine Meriah,DF,Tunisia,29-169,1993,3.0,139,171,81.3,2818,1041,36,41,87.8,91,100,91.0,12,29,41.4,0,0.0,0.0,0.0,1,11,0,0,11
Yeltsin Tejeda,MF,Costa Rica,30-276,1992,3.0,78,99,78.8,1348,378,39,46,84.8,30,37,81.1,8,12,66.7,1,0.1,0.0,+0.9,1,6,1,0,7
Youri Tielemans,MF,Belgium,25-225,1997,1.1,53,64,82.8,901,200,25,28,89.3,23,28,82.1,5,8,62.5,0,0.1,0.1,-0.1,1,6,1,0,4
Youssef En-Nesyri,FW,Morocco,25-200,1997,6.0,50,81,61.7,646,119,26,37,70.3,14,23,60.9,3,6,50.0,0,0.0,0.0,0.0,1,3,0,0,1
Youssef Msakni,MF,Tunisia,32-051,1990,1.9,50,69,72.5,843,205,23,28,82.1,23,29,79.3,3,6,50.0,0,0.6,0.6,-0.6,4,4,3,0,6
Youssouf Fofana,MF,France,23-342,1999,2.5,96,112,85.7,1582,341,46,53,86.8,43,44,97.7,6,11,54.5,0,0.2,0.1,-0.2,1,14,1,0,5
Youssouf Sabaly,DF,Senegal,29-288,1993,4.0,189,219,86.3,2773,1012,108,112,96.4,60,73,82.2,11,20,55.0,0,0.7,0.7,-0.7,8,16,6,1,16
Youssoufa Moukoko,FW,Germany,18-028,2004,0.0,1,2,50.0,8,0,1,1,100.0,0,1,0.0,0,0,,0,0.0,0.0,0.0,0,0,0,0,0
Youstin Salas,DF,Costa Rica,26-184,1996,0.5,15,19,78.9,294,202,6,7,85.7,7,8,87.5,2,3,66.7,0,0.0,0.0,0.0,0,1,0,0,0
Yuki Soma,FW,Japan,25-296,1997,0.9,11,19,57.9,167,77,8,8,100.0,2,3,66.7,1,7,14.3,0,0.0,0.0,0.0,0,1,0,0,1
Yunus Musah,MF,United States,20-019,2002,3.8,151,182,83.0,2438,494,74,81,91.4,65,75,86.7,9,13,69.2,0,0.1,0.2,-0.1,3,10,5,0,13
Yuto Nagatomo,MF,Japan,36-097,1986,2.3,78,109,71.6,1171,383,51,57,89.5,22,31,71.0,3,14,21.4,0,0.1,0.1,-0.1,1,7,2,2,2
Zakaria Aboukhlal,FW,Morocco,22-303,2000,0.9,7,14,50.0,88,22,5,8,62.5,1,3,33.3,1,3,33.3,0,0.0,0.0,0.0,0,0,0,0,0
Álvaro Morata,FW,Spain,30-056,1992,2.1,28,41,68.3,551,64,8,10,80.0,15,23,65.2,4,6,66.7,1,0.2,0.1,+0.8,2,3,1,0,3
Álvaro Zamora,MF,Costa Rica,20-284,2002,0.3,5,5,100.0,55,22,4,4,100.0,1,1,100.0,0,0,,0,0.0,0.0,0.0,0,1,0,0,1
Ángel Correa,MF,Argentina,27-284,1995,0.1,3,3,100.0,32,17,2,2,100.0,1,1,100.0,0,0,,0,0.0,0.0,0.0,0,0,0,0,0
Ángel Di María,MF,Argentina,34-307,1988,3.2,130,168,77.4,2080,480,73,77,94.8,43,53,81.1,10,23,43.5,1,0.6,0.7,+0.4,10,3,11,3,17
Ángelo Preciado,DF,Ecuador,24-303,1998,2.9,94,129,72.9,1463,532,57,62,91.9,27,40,67.5,8,20,40.0,1,0.4,0.2,+0.6,4,4,6,5,6
Éder Militão,DF,Brazil,24-334,1998,3.9,251,277,90.6,4346,1514,112,115,97.4,111,122,91.0,21,31,67.7,0,0.0,0.1,0.0,1,20,1,1,12
Óscar Duarte,DF,Costa Rica,33-198,1989,3.0,68,98,69.4,1500,529,18,22,81.8,38,45,84.4,11,27,40.7,0,0.3,0.0,-0.3,2,1,0,0,0
İlkay Gündoğan,MF,Germany,32-055,1990,2.1,150,168,89.3,2431,659,78,86,90.7,56,57,98.2,11,15,73.3,0,0.1,0.3,-0.1,1,18,4,0,15
